Parent,Child
008,008.5
008,008.7
008,008.51
008,008.52
008,008.6
008.5,008.51
008.5,008.52
480.1,480.11
480.1,480.12
480.1,480.13
711,711.2
711,711.3
711,711.1
710.1,710.11
710.1,710.12
710.1,710.19
041,041.2
041,041.1
041,041.11
041,041.12
041,041.4
041,041.8
041,041.21
041,041.9
686,686.1
686,686.2
686,686.3
686,686.5
686,686.4
369,369.2
369,369.5
031,031.1
465,465.2
465,465.4
592.1,592.11
592.1,592.13
592.1,592.12
041.2,041.21
323,323.8
323,323.2
420,420.1
420,420.2
420,420.3
420,420.21
420,420.22
420.2,420.21
420.2,420.22
038,038.1
038,038.2
038,038.3
041.1,041.11
041.1,041.12
071,071.1
324,324.1
079,079.1
079,079.2
079,079.9
053,053.1
381.1,381.11
070,070.1
070,070.2
070,070.3
070,070.4
070,070.9
130,130.1
090,090.2
090,090.3
110,110.1
110,110.11
110,110.13
110,110.12
110,110.2
110.1,110.11
110.1,110.13
110.1,110.12
112,112.3
117,117.2
117,117.1
117,117.3
117,117.4
134,134.1
480,480.1
480,480.2
480,480.3
480,480.11
480,480.12
480,480.13
480,480.5
132,132.1
145,145.1
145,145.2
145,145.3
145,145.4
145,145.5
149,149.1
149,149.2
149,149.3
149,149.9
149,149.4
149,149.5
153,153.2
153,153.3
155,155.1
159,159.2
159,159.3
159,159.4
165,165.1
170,170.1
170,170.2
172.2,172.21
172.2,172.22
180,180.1
180,180.3
184.1,184.11
187,187.2
187,187.1
187,187.8
191.1,191.11
198,198.1
198,198.2
198,198.3
198,198.4
198,198.7
198,198.5
198,198.6
202.2,202.22
202.2,202.23
202.2,202.24
202.2,202.21
202,202.2
202,202.22
202,202.23
202,202.24
202,202.21
204,204.4
204,204.1
204,204.11
204,204.12
204,204.2
204,204.21
204,204.22
204,204.3
204.1,204.11
204.1,204.12
204.2,204.21
204.2,204.22
199,199.4
195,195.1
189.1,189.11
189.1,189.12
214,214.1
216,216.1
218,218.1
218,218.2
224,224.1
225,225.1
225,225.2
227,227.1
227,227.2
227,227.3
228,228.1
229,229.1
172,172.11
172,172.2
172,172.21
172,172.22
172,172.3
172,172.1
174,174.11
174,174.2
174,174.1
174,174.3
174.1,174.11
189.2,189.21
189,189.21
189,189.4
189,189.11
189,189.12
189,189.1
189,189.2
184,184.1
184,184.11
184,184.2
191,191.11
191,191.1
241,241.1
241,241.2
242,242.1
242,242.2
242,242.3
242,242.31
244,244.5
244,244.1
244,244.3
244,244.2
244,244.4
245,245.1
245,245.21
245,245.2
245.2,245.21
246,246.2
246,246.7
250,250.2
250,250.1
250,250.21
250,250.11
250,250.22
250,250.12
250,250.23
250,250.13
250,250.24
250,250.14
250,250.25
250,250.15
250,250.6
250,250.7
250,250.4
250,250.41
250,250.42
250,250.5
250,250.3
250.2,250.21
250.2,250.22
250.2,250.23
250.2,250.24
250.2,250.25
250.1,250.11
250.1,250.12
250.1,250.13
250.1,250.14
250.1,250.15
251,251.1
251,251.8
258,258.1
252,252.1
252,252.2
253,253.11
253,253.1
253,253.2
253,253.5
253,253.4
253,253.3
253,253.7
253.1,253.11
255,255.11
255,255.12
255,255.3
255,255.1
255,255.2
255,255.21
255,255.22
255,255.13
255.1,255.11
255.1,255.12
255.1,255.13
255.2,255.21
255.2,255.22
256,256.1
256,256.4
257,257.1
259,259.8
259,259.3
259,259.4
259,259.2
259,259.1
260.2,260.21
260.2,260.22
260,260.21
260,260.22
260,260.2
260,260.6
260,260.7
260,260.3
260,260.1
261,261.1
261,261.2
261,261.3
261,261.4
261,261.41
261.4,261.41
270,270.1
270,270.12
270,270.11
270,270.2
270,270.21
270,270.3
270,270.31
270,270.32
270,270.35
270,270.34
270,270.38
270,270.33
270.1,270.12
270.1,270.11
270.2,270.21
271,271.9
271,271.3
272,272.11
272,272.12
272,272.13
272,272.14
272,272.1
272,272.9
272.1,272.11
272.1,272.12
272.1,272.13
272.1,272.14
277.5,277.51
270.3,270.31
270.3,270.32
270.3,270.35
270.3,270.34
270.3,270.38
270.3,270.33
274.1,274.11
275,275.1
275,275.11
275,275.2
275,275.3
275,275.53
275,275.5
275,275.51
275,275.6
275.1,275.11
275.5,275.53
275.5,275.51
276,276.11
276,276.12
276,276.41
276,276.42
276,276.4
276,276.5
276,276.6
276,276.13
276,276.14
276,276.1
276,276.8
276.4,276.41
276.4,276.42
276.1,276.11
276.1,276.12
276.1,276.13
276.1,276.14
277,277.51
277,277.5
277,277.1
277,277.2
277,277.4
277,277.6
277,277.7
277,277.8
278,278.1
278,278.11
278,278.3
278,278.4
278.1,278.11
513.3,513.32
513.3,513.31
279,279.11
279,279.1
279,279.2
279,279.8
279,279.7
279.1,279.11
081.1,081.11
081.1,081.12
280,280.2
280,280.1
281,281.11
281,281.12
281,281.13
281,281.1
281,281.9
281.1,281.11
281.1,281.12
281.1,281.13
282,282.9
282,282.8
282,282.5
283,283.1
283,283.2
283,283.21
283.2,283.21
284,284.2
284,284.1
285,285.8
285,285.3
285,285.1
285,285.2
285,285.21
285,285.22
285.2,285.21
285.2,285.22
286,286.13
286,286.1
286,286.12
286,286.11
286,286.5
286,286.6
286,286.4
286,286.7
286,286.81
286,286.8
286,286.3
286,286.9
286,286.2
286.1,286.13
286.1,286.12
286.1,286.11
287,287.2
287,287.4
287,287.31
287,287.32
287,287.3
287,287.1
287.3,287.31
287.3,287.32
288,288.11
288,288.3
288,288.1
288,288.2
288.1,288.11
289,289.4
289,289.5
289,289.9
289,289.1
289,289.3
286.8,286.81
290,290.13
290,290.1
290,290.16
290,290.2
290,290.3
290,290.11
290,290.12
290.1,290.13
290.1,290.16
290.1,290.11
290.1,290.12
317,317.1
317,317.11
317.1,317.11
316,316.1
291,291.1
291,291.4
291,291.8
296,296.1
296,296.22
296,296.2
300.1,300.12
300.1,300.11
300.1,300.13
295,295.3
295,295.1
295,295.2
296.2,296.22
300,300.1
300,300.12
300,300.11
300,300.2
300,300.13
300,300.3
300,300.4
300,300.8
300,300.9
303,303.4
303,303.1
303,303.3
303,303.31
301,301.1
301,301.2
302,302.1
303.3,303.31
306,306.9
306,306.1
327,327.4
327,327.41
327,327.1
327,327.6
327,327.5
327,327.3
327,327.31
327,327.32
327,327.7
327,327.72
327,327.71
327.4,327.41
305.2,305.21
313,313.3
313,313.2
313,313.1
315,315.1
315,315.2
315,315.3
312,312.3
327.3,327.31
327.3,327.32
327.7,327.72
327.7,327.71
331,331.1
331,331.9
333,333.8
333,333.1
333,333.2
333,333.3
333,333.4
334.2,334.21
334,334.1
334,334.2
334,334.21
337,337.1
355,355.1
338,338.1
338,338.2
340,340.1
345,345.1
345,345.11
345,345.12
345,345.3
345.1,345.11
345.1,345.12
348,348.4
348,348.2
348,348.8
348,348.9
348,348.7
352,352.1
352,352.2
353,353.1
353,353.2
358,358.1
359,359.1
359,359.2
360,360.2
360,360.3
371,371.1
371,371.21
371,371.2
371,371.3
371,371.33
371,371.9
361,361.1
361,361.2
362,362.4
362,362.3
362,362.1
362,362.31
362,362.2
362,362.29
362,362.21
362,362.22
362,362.23
362,362.5
362,362.26
362,362.27
362,362.6
362,362.7
362,362.8
362,362.9
362.3,362.31
362.2,362.29
362.2,362.21
362.2,362.22
362.2,362.23
362.2,362.26
362.2,362.27
363,363.3
363,363.4
379.5,379.51
365,365.1
365,365.2
365,365.11
365,365.5
365.1,365.11
366,366.1
366,366.2
366,366.3
367,367.8
367,367.1
367,367.2
367,367.4
367,367.9
368,368.3
368,368.7
368,368.1
368,368.9
368,368.91
368,368.2
368,368.4
368,368.5
368.9,368.91
370,370.1
370,370.2
370,370.3
370,370.31
370.3,370.31
364,364.1
364,364.2
364,364.4
364,364.5
364,364.51
364,364.41
364,364.9
364.4,364.41
364.5,364.51
371.2,371.21
371.3,371.33
695.4,695.41
695.4,695.42
374,374.1
374,374.2
374,374.3
374,374.6
375,375.1
375,375.2
379,379.5
379,379.51
379,379.1
379,379.2
379,379.3
379,379.4
379,379.9
242.3,242.31
377,377.1
377,377.3
378,378.1
378,378.5
378,378.2
380,380.1
380,380.4
381,381.1
381,381.2
381,381.11
381,381.3
381,381.9
384,384.1
384,384.4
385,385.3
385,385.5
386,386.1
386,386.2
386,386.21
386,386.3
386,386.9
386.2,386.21
389,389.3
389,389.4
389,389.5
389,389.2
389,389.1
394,394.4
394,394.2
394,394.3
394,394.1
394,394.7
401.2,401.21
401.2,401.22
411,411.2
411,411.1
411,411.9
411,411.4
411,411.3
411,411.8
411,411.41
411.4,411.41
415.1,415.11
415.2,415.21
415,415.1
415,415.11
415,415.2
415,415.21
395,395.1
395,395.2
395,395.3
395,395.4
395,395.6
425,425.1
425,425.11
425,425.12
425,425.8
425,425.2
425.1,425.11
425.1,425.12
426.2,426.24
426.2,426.21
426.2,426.22
426.2,426.23
426.2,426.25
426.3,426.32
426.3,426.31
426,426.8
426,426.24
426,426.2
426,426.21
426,426.22
426,426.23
426,426.32
426,426.31
426,426.3
426,426.25
426,426.4
426,426.7
426,426.91
426,426.92
426,426.9
427,427.11
427,427.12
427,427.1
427,427.2
427,427.21
427,427.22
427,427.4
427,427.41
427,427.42
427,427.6
427,427.61
427,427.3
427,427.8
427,427.5
427,427.7
427,427.9
427.1,427.11
427.1,427.12
427.2,427.21
427.2,427.22
427.4,427.41
427.4,427.42
427.6,427.61
428,428.1
428,428.2
428,428.3
428,428.4
414,414.2
429,429.1
429,429.3
429,429.2
429,429.9
430,430.1
430,430.2
430,430.3
433.1,433.11
433.1,433.12
433.2,433.21
433,433.6
433,433.1
433,433.11
433,433.2
433,433.21
433,433.31
433,433.12
433,433.3
433,433.5
433,433.32
433,433.8
433.3,433.31
433.3,433.32
440,440.9
440,440.1
440,440.2
440,440.22
440,440.21
440.2,440.22
440.2,440.21
442.1,442.11
442,442.1
442,442.11
442,442.8
442,442.2
442,442.3
442,442.4
443,443.1
443,443.8
443,443.7
443,443.9
444,444.2
444,444.1
444,444.5
446,446.1
446,446.6
446,446.2
446,446.3
446,446.4
446,446.5
446,446.8
446,446.7
446,446.9
447,447.1
447,447.7
451,451.2
452,452.1
452,452.2
452,452.8
454.1,454.11
454,454.1
454,454.11
458,458.1
458,458.9
458,458.2
459,459.9
459,459.1
459,459.7
475,475.9
474,474.1
474,474.2
473,473.1
473,473.3
473,473.4
496.2,496.21
495,495.2
495,495.1
495,495.11
495.1,495.11
496,496.2
496,496.21
496,496.1
496,496.3
500,500.1
500,500.2
504,504.1
510,510.2
509,509.3
509,509.1
509,509.2
509,509.5
509,509.8
512,512.7
512,512.1
512,512.9
512,512.8
512,512.2
512,512.3
519,519.1
519,519.8
519,519.9
519,519.2
520,520.1
520,520.2
521,521.1
521,521.2
521,521.4
522,522.1
522,522.5
523,523.31
523,523.32
523,523.1
523,523.3
523.3,523.31
523.3,523.32
524,524.3
526.4,526.41
526.4,526.42
525,525.1
525,525.2
526,526.3
526,526.4
526,526.41
526,526.42
526,526.1
526,526.5
526,526.9
526,526.8
527,527.1
527,527.2
527,527.7
527,527.8
528,528.3
528,528.7
528,528.41
528,528.11
528,528.1
528,528.12
528,528.4
528,528.5
528,528.6
528.1,528.11
528.1,528.12
528.4,528.41
529,529.1
529,529.6
530,530.2
530,530.5
530,530.1
530,530.14
530,530.15
530,530.12
530,530.3
530,530.6
530,530.7
530,530.11
530,530.13
530,530.9
530.1,530.14
530.1,530.15
530.1,530.12
530.1,530.11
530.1,530.13
531,531.1
531,531.2
531,531.3
531,531.4
531,531.5
535,535.1
535,535.2
535,535.8
535,535.9
535,535.6
536,536.3
536,536.7
536,536.8
564,564.1
564,564.8
564,564.9
537,537.1
540,540.11
540,540.1
540.1,540.11
550,550.1
550,550.3
550,550.4
550,550.5
550,550.6
550,550.2
555,555.1
555,555.2
555,555.21
555.2,555.21
441,441.1
441,441.2
560,560.4
560,560.1
560,560.2
560,560.3
562,562.1
562,562.2
565,565.1
568,568.1
569,569.1
569,569.2
556,556.1
556,556.11
556.1,556.11
571,571.51
571,571.6
571,571.5
571,571.8
571,571.81
571.5,571.51
571.8,571.81
573,573.4
573,573.1
573,573.5
573,573.3
573,573.6
573,573.9
573,573.7
573,573.2
574,574.11
574,574.12
574,574.1
574,574.2
574,574.3
574.1,574.11
574.1,574.12
575,575.7
575,575.6
575,575.8
575,575.1
575,575.2
575,575.9
577,577.1
577,577.2
577,577.3
578,578.8
578,578.1
578,578.2
578,578.9
557,557.1
580,580.11
580,580.13
580,580.12
580,580.2
580,580.1
580,580.14
580,580.3
580,580.32
580,580.31
580,580.4
580.1,580.11
580.1,580.13
580.1,580.12
580.1,580.14
580.3,580.32
580.3,580.31
585,585.1
585,585.3
585,585.4
585,585.33
585,585.34
585,585.32
585,585.2
585,585.31
585.3,585.33
585.3,585.34
585.3,585.32
585.3,585.31
588,588.1
588,588.2
594,594.1
594,594.3
594,594.2
594,594.8
586,586.11
586,586.1
586,586.3
586,586.2
586,586.4
586,586.12
586.1,586.11
586.1,586.12
592,592.1
592,592.11
592,592.13
592,592.12
592,592.2
592,592.21
592,592.3
596,596.1
596,596.5
592.2,592.21
597,597.1
597,597.8
597,597.2
593,593.1
593,593.2
599,599.1
599,599.3
599,599.2
599,599.4
599,599.5
599,599.6
599,599.9
599,599.7
599,599.8
601,601.11
601,601.12
601,601.1
601,601.3
601,601.4
601,601.8
601.1,601.11
601.1,601.12
602,602.3
609,609.11
609,609.1
609,609.2
609.1,609.11
604,604.1
604,604.2
604,604.3
603,603.1
603,603.2
610,610.4
610,610.1
610,610.2
610,610.3
610,610.8
613,613.1
613,613.7
613,613.5
613,613.8
613,613.9
612,612.2
612,612.1
612,612.3
614,614.31
614,614.32
614,614.3
614,614.1
614,614.33
614,614.4
614,614.5
614,614.51
614,614.52
614,614.53
614,614.54
614.3,614.31
614.3,614.32
614.3,614.33
614.5,614.51
614.5,614.52
614.5,614.53
614.5,614.54
618,618.1
618,618.2
618,618.5
618,618.6
619,619.1
619,619.2
619,619.3
619,619.4
619,619.5
626,626.21
626,626.2
626,626.4
626,626.11
626,626.12
626,626.13
626,626.14
626,626.1
626,626.8
626,626.15
624,624.2
624,624.1
624,624.9
620,620.1
622,622.1
622,622.2
625,625.1
626.2,626.21
626.1,626.11
626.1,626.12
626.1,626.13
626.1,626.14
626.1,626.15
627,627.5
627,627.4
627,627.1
627,627.2
627,627.3
627,627.21
627,627.22
627.2,627.21
627.2,627.22
634,634.1
634,634.3
642,642.1
643,643.1
636,636.3
636,636.1
636,636.2
636,636.8
647,647.1
647,647.3
649,649.1
654,654.1
654,654.2
655,655.1
635,635.2
635,635.3
681,681.1
681,681.2
681,681.7
681,681.3
681,681.5
681,681.6
690,690.1
939,939.1
938,938.1
938,938.2
695.2,695.21
695.2,695.22
695,695.4
695,695.2
695,695.21
695,695.22
695,695.1
695,695.81
695,695.3
695,695.41
695,695.8
695,695.9
695,695.7
695,695.42
695.8,695.81
701,701.3
701,701.1
701,701.6
701,701.4
701,701.5
701,701.2
702,702.4
703,703.1
704,704.1
704,704.11
704,704.12
704,704.2
704,704.8
704.1,704.11
704.1,704.12
705,705.8
705,705.1
705,705.3
706,706.1
706,706.2
706,706.3
706,706.8
707,707.1
707,707.2
707,707.3
694,694.2
694,694.1
694,694.3
274,274.1
274,274.11
274,274.21
274,274.2
274.2,274.21
713,713.5
714,714.1
714,714.2
740,740.2
740,740.11
740,740.12
740,740.1
740,740.3
740,740.9
740.1,740.11
740.1,740.12
716,716.9
716,716.3
716,716.1
716,716.2
716,716.8
742,742.9
742,742.8
742,742.1
742,742.2
741,741.1
741,741.4
741,741.5
741,741.6
741,741.2
741,741.3
715,715.2
715,715.3
715,715.1
721,721.1
721,721.2
721,721.8
722,722.1
722,722.3
722,722.6
722,722.7
722,722.8
722,722.9
723,723.1
720,720.1
724,724.1
724,724.2
724,724.8
724,724.9
726,726.1
726,726.2
726,726.3
726,726.4
727,727.1
727,727.2
727,727.4
727,727.5
727,727.6
727,727.7
727,727.8
728,728.1
728,728.2
728,728.71
728,728.7
728.7,728.71
772,772.1
772,772.2
772,772.3
772,772.4
772,772.6
729,729.1
729,729.3
729,729.7
771,771.1
771,771.2
710,710.1
710,710.11
710,710.12
710,710.19
710,710.2
710,710.3
731,731.1
732,732.1
732,732.7
743,743.1
743,743.11
743,743.12
743,743.13
743,743.2
743,743.21
743,743.22
743,743.9
743,743.4
743.1,743.11
743.1,743.12
743.1,743.13
743.2,743.21
743.2,743.22
733,733.2
733,733.4
733,733.6
733,733.8
733,733.9
735,735.3
735,735.1
735,735.2
735,735.23
735,735.21
735,735.22
735.2,735.23
735.2,735.21
735.2,735.22
736,736.1
736,736.2
736,736.3
736,736.4
736,736.5
736,736.6
737,737.1
737,737.2
737,737.3
738,738.4
752.1,752.11
752,752.1
752,752.11
752,752.2
753,753.1
753,753.2
749,749.2
747.1,747.11
747.1,747.12
747.1,747.13
747,747.11
747,747.1
747,747.12
747,747.13
747,747.2
750.1,750.13
750.1,750.11
750.1,750.14
750.1,750.15
750,750.1
750,750.13
750,750.11
750,750.14
750,750.5
750,750.15
750,750.21
750,750.22
750,750.2
750.2,750.21
750.2,750.22
751,751.11
751,751.12
751,751.1
751,751.22
751,751.21
751,751.3
751,751.2
751.1,751.11
751.1,751.12
751.2,751.22
751.2,751.21
756,756.21
756,756.22
756,756.2
756,756.5
756,756.1
756,756.3
755.6,755.61
755,755.61
755,755.6
755,755.1
755,755.3
755,755.4
754,754.1
754,754.2
756.2,756.21
756.2,756.22
691,691.1
691,691.3
217,217.1
759,759.1
758,758.1
656.2,656.22
656.2,656.26
656,656.2
656,656.22
656,656.26
656,656.4
656,656.1
656,656.8
656,656.3
656,656.5
656,656.6
656,656.7
656,656.9
783,783.1
798,798.1
781,781.1
781,781.2
350,350.1
350,350.6
350,350.2
350,350.3
350,350.5
292,292.2
292,292.5
292,292.6
292,292.3
292,292.4
292,292.11
292,292.1
292,292.12
782,782.3
782,782.6
687,687.4
687,687.1
687,687.2
687,687.3
264,264.9
264,264.2
264,264.3
264,264.1
293,293.1
292.1,292.11
292.1,292.12
797,797.1
513,513.3
513,513.8
513,513.4
513,513.32
513,513.31
516,516.1
418,418.1
579,579.8
579,579.2
789,789.1
561,561.2
561,561.1
790,790.1
790,790.6
790,790.9
790,790.8
250.4,250.41
250.4,250.42
598,598.4
598,598.9
514,514.2
514,514.1
793,793.2
611.1,611.11
611,611.3
611,611.1
611,611.11
346,346.3
346,346.1
346,346.2
795,795.81
795,795.82
795,795.8
792,792.1
795.8,795.81
795.8,795.82
803.2,803.21
803,803.3
803,803.1
803,803.2
803,803.21
801,801.1
800,800.1
800,800.2
800,800.4
800,800.3
840,840.3
840,840.1
840,840.2
818,818.2
818,818.1
870,870.1
870,870.2
870,870.3
870,870.4
870,870.5
870,870.6
870,870.8
871,871.1
871,871.2
871,871.3
871,871.4
958,958.2
958,958.1
960,960.2
960,960.3
960,960.1
961,961.1
962,962.3
962,962.1
962,962.2
963,963.1
964,964.1
965,965.1
965,965.3
965,965.2
972,972.1
972,972.2
972,972.6
949,949.1
994,994.21
994,994.1
994,994.2
994.2,994.21
081,081.1
081,081.11
081,081.12
401,401.1
401,401.3
401,401.21
401,401.22
401,401.2
297,297.2
297,297.1
172.1,172.11
426.9,426.91
426.9,426.92
457,457.2
457,457.3
