CCS,CPT
1,61510
1,61590
1,61050
1,61556
1,61314
1,61536
1,61320
1,61313
1,61340
1,61720
1,61519
1,61571
1,61607
1,61545
1,61312
1,61543
1,61001
1,61530
1,61616
1,61591
1,61582
1,61598
1,61522
1,62161
1,61156
1,61055
1,61539
1,61151
1,61526
1,61592
1,61534
1,61557
1,62164
1,61516
1,61020
1,61576
1,61600
1,61586
1,61250
1,61520
1,61608
1,61253
1,61595
1,61026
1,61585
1,61524
1,61540
1,61583
1,61541
1,61606
1,61105
1,61120
1,61304
1,61518
1,61154
1,61535
1,61521
1,61345
1,61584
1,61514
1,61305
1,61315
1,61570
1,61880
1,62162
1,61601
1,61544
1,61108
1,61000
1,61512
1,61322
1,61150
1,61615
1,61537
1,61605
1,61575
1,61321
1,61323
1,61735
1,61538
1,61596
2,62225
2,62180
2,62258
2,62201
2,61107
2,62192
2,62220
2,62223
2,62252
2,62230
2,62200
2,62160
2,62256
2,62190
2,61210
2,62194
3,63190
3,22864
3,63057
3,63252
3,63250
3,63066
3,63035
3,63042
3,63194
3,22856
3,0274T
3,63086
3,63030
3,0275T
3,63044
3,63085
3,63087
3,63050
3,63251
3,63040
3,63003
3,63081
3,63078
3,63015
3,63047
3,62287
3,63011
3,63045
3,63056
3,62380
3,63172
3,63075
3,63020
3,63082
3,63012
3,63173
3,63197
3,63200
3,63076
3,63191
3,63196
3,63199
3,63090
3,63655
3,61343
3,63005
3,63091
3,63185
3,22858
3,63195
3,63051
3,63064
3,0202T
3,63043
3,63077
3,63055
3,63001
3,63088
3,63101
3,63103
3,63170
3,22861
3,63740
3,63102
3,63709
3,63198
3,63017
3,63046
3,62351
3,63016
3,63048
4,62272
4,62270
5,64446
5,64416
5,64480
5,62281
5,62324
5,63688
5,62282
5,63600
5,63663
5,64448
5,64462
5,62350
5,64463
5,63662
5,63685
5,62355
5,62264
5,62321
5,62325
5,62326
5,62320
5,63650
5,63664
5,62322
5,62263
5,64479
5,64483
5,64461
5,62327
5,62323
5,63661
5,63610
5,62280
5,64449
5,64484
6,64722
6,64712
6,64721
6,64708
6,64702
6,64714
6,64719
6,64718
6,64704
6,29848
6,28035
6,64716
6,64727
6,64726
6,64713
7,95937
7,95939
7,95943
7,95836
7,95971
7,0534T
7,0533T
7,95925
7,95807
7,95875
7,95967
7,96001
7,62267
7,95970
7,95867
7,96020
7,0108T
7,0434T
7,95927
7,0107T
7,95782
7,95810
7,64795
7,95806
7,95977
7,96112
7,95928
7,95938
7,0110T
7,61140
7,95874
7,95983
7,61750
7,95805
7,0536T
7,95982
7,96000
7,95908
7,95940
7,0436T
7,95924
7,95980
7,95984
7,95801
7,61751
7,95907
7,0535T
7,96004
7,95857
7,95905
7,95808
7,95965
7,62269
7,95922
7,95865
7,95887
7,95864
7,95870
7,95872
7,95929
7,95911
7,96003
7,95972
7,95921
7,95926
7,95933
7,95930
7,95981
7,95861
7,96002
7,95913
7,95885
7,0333T
7,95941
7,95999
7,95909
7,95783
7,95976
7,95966
7,95869
7,95860
7,95910
7,95923
7,95863
7,95866
7,95811
7,96113
7,95868
7,95803
7,95800
7,95912
7,0109T
7,0106T
7,95886
7,92516
7,0435T
8,64646
8,64400
8,64405
8,64612
8,95992
8,64420
8,0442T
8,64610
8,64644
8,62292
8,64611
8,64490
8,64632
8,95990
8,64415
8,64495
8,64487
8,64635
8,64530
8,64421
8,95873
8,64417
8,64492
8,64447
8,64493
8,64510
8,64435
8,64491
8,64520
8,62273
8,64425
8,64640
8,0440T
8,64647
8,64445
8,64620
8,64455
8,61070
8,64617
8,64642
8,0398T
8,61798
8,22505
8,62369
8,62268
8,64600
8,61796
8,64486
8,64616
8,64680
8,64999
8,64408
8,64418
8,64615
8,64505
8,95991
8,64489
8,0278T
8,64605
8,64633
8,64450
8,64430
8,64630
8,64517
8,0441T
8,64494
8,64488
8,64681
8,62370
8,63620
9,63271
9,69745
9,61783
9,62361
9,63286
9,64792
9,64820
9,64892
9,63305
9,61800
9,27003
9,61618
9,22526
9,69740
9,61760
9,63267
9,61550
9,64561
9,64818
9,61782
9,62146
9,64911
9,64763
9,61566
9,64864
9,64890
9,63265
9,64910
9,0431T
9,64581
9,64862
9,64893
9,61558
9,0425T
9,61619
9,63268
9,63273
9,64645
9,64585
9,61799
9,64840
9,64865
9,63272
9,64804
9,27325
9,61460
9,69955
9,64809
9,64835
9,61860
9,22527
9,62143
9,64832
9,61581
9,62362
9,0467T
9,0432T
9,64774
9,0338T
9,64788
9,64760
9,64902
9,63700
9,64786
9,61790
9,64570
9,63707
9,64868
9,64857
9,63303
9,62142
9,62147
9,64784
9,64776
9,63277
9,63270
9,64913
9,64732
9,62141
9,27035
9,64746
9,64643
9,64823
9,63287
9,62140
9,64831
9,64553
9,0428T
9,64742
9,63301
9,64790
9,64771
9,61563
9,64736
9,64836
9,64912
9,0424T
9,0468T
9,63704
9,64778
9,64837
9,63300
9,64876
9,0426T
9,61867
9,61501
9,63702
9,64861
9,61864
9,64874
9,61552
9,64580
9,62360
9,64896
9,64822
9,61797
9,27326
9,61500
9,61531
9,63290
9,61450
9,64772
9,0430T
9,61781
9,63746
9,69725
9,63275
9,0466T
9,0339T
9,63741
9,62145
9,61850
9,63302
9,64866
9,64734
9,0427T
9,0429T
9,61564
9,64858
9,63308
9,64886
9,64755
9,63706
9,61567
9,61770
9,61458
9,28080
9,63276
9,62148
9,62365
9,64568
9,64566
9,62294
9,64744
9,64834
9,63621
9,64895
9,63744
9,64738
9,32664
9,64569
9,63266
9,63295
9,0433T
9,63281
9,64897
9,64783
9,64636
9,62120
9,63280
9,64898
9,64766
9,61559
9,63306
9,64885
9,64590
9,63282
9,61580
9,62100
9,64901
9,64740
9,63710
9,28055
9,64872
9,64595
9,64856
9,62117
9,64907
9,64575
9,63307
9,61791
9,64821
9,64802
9,63285
9,64859
9,64891
9,69720
9,64555
9,61868
9,63278
9,64782
9,64905
9,62121
9,62115
9,64634
9,63304
9,61533
9,61863
9,64787
9,63283
9,67570
10,60210
10,60220
10,60240
10,60252
10,60270
10,60271
10,60260
10,60212
10,60225
10,60254
11,60100
11,0448T
11,95249
11,95250
11,0446T
11,0447T
11,95251
12,60520
12,60280
12,32673
12,60512
12,60521
12,60659
12,60540
12,60545
12,60500
12,60522
12,60650
12,60200
12,79005
12,60505
12,61546
12,60699
12,60281
12,60300
12,61548
12,60502
12,62165
12,60000
13,65750
13,65757
13,65756
13,65755
13,65710
13,65730
13,0290T
14,0450T
14,65855
14,66185
14,66175
14,66150
14,66155
14,66180
14,66174
14,66172
14,66710
14,66761
14,66160
14,66711
14,66183
14,65820
14,66720
14,0191T
14,0253T
14,66184
14,0449T
14,65850
14,66700
14,66179
14,66740
14,66170
15,66920
15,66930
15,66820
15,66983
15,66982
15,65920
15,66825
15,66984
15,66840
15,66985
15,66850
15,66852
15,66986
15,0308T
15,66940
15,66821
15,66830
16,67145
16,67105
16,67110
16,67040
16,67141
16,67101
16,67039
16,67113
16,67107
16,67108
17,67208
17,67210
17,67225
17,67218
17,67228
17,67229
17,67221
17,67220
17,67227
18,67346
18,0330T
18,68525
18,65800
18,67415
18,68510
18,67450
18,67810
18,0329T
18,65410
18,67400
18,65430
18,68100
18,92145
19,68371
19,65765
19,67916
19,68110
19,65767
19,15822
19,68340
19,68801
19,15820
19,68811
19,68815
19,67805
19,68399
19,0402T
19,65435
19,68040
19,68325
19,67820
19,68705
19,65285
19,68420
19,68550
19,65273
19,67999
19,67921
19,67966
19,67880
19,15821
19,13153
19,68115
19,68520
19,65779
19,67715
19,68320
19,68330
19,67923
19,67930
19,65436
19,68761
19,65600
19,65286
19,67938
19,68720
19,68135
19,67904
19,67974
19,68540
19,67924
19,68770
19,67973
19,67961
19,65770
19,68816
19,65760
19,0207T
19,68810
19,68530
19,68750
19,67906
19,67801
19,67908
19,68130
19,65420
19,65400
19,67825
19,68326
19,67912
19,68505
19,67935
19,67950
19,67902
19,13152
19,67971
19,65275
19,68020
19,68328
19,68440
19,67909
19,67914
19,65772
19,66250
19,65210
19,65778
19,68200
19,68700
19,68840
19,65272
19,65280
19,67700
19,67835
19,68400
19,67882
19,67922
19,67915
19,67903
19,13151
19,68360
19,65450
19,67917
19,65785
19,67900
19,68335
19,68760
19,67800
19,65775
19,15823
19,65426
19,67850
19,65771
19,68500
19,67840
19,67875
19,65270
19,68362
19,67901
19,67975
19,68745
19,67808
19,67710
19,67911
19,67830
20,65865
20,66030
20,67255
20,67015
20,65265
20,67010
20,67115
20,67028
20,66500
20,65870
20,66630
20,67042
20,65860
20,65900
20,67299
20,66682
20,67025
20,67027
20,67250
20,67121
20,66225
20,66680
20,67043
20,65880
20,0474T
20,66635
20,65815
20,66505
20,66990
20,67036
20,0376T
20,67120
20,65930
20,67030
20,66625
20,0100T
20,66020
20,67005
20,65810
20,66605
20,66770
20,66999
20,67041
20,66130
20,66600
20,65875
20,67031
20,66762
21,65150
21,67599
21,21282
21,65105
21,67345
21,67314
21,67412
21,65135
21,67311
21,67318
21,65091
21,67316
21,67335
21,67560
21,67550
21,67505
21,67399
21,67332
21,61333
21,65110
21,67405
21,0356T
21,65155
21,67500
21,67340
21,65101
21,67320
21,67343
21,65290
21,68899
21,67414
21,67515
21,67420
21,65140
21,67440
21,67331
21,67430
21,65114
21,65093
21,65125
21,67445
21,21280
21,65175
21,67334
21,65103
21,67312
21,67413
21,65130
21,61330
21,65112
22,69632
22,69604
22,69637
22,69610
22,69635
22,69620
22,69631
22,69636
22,69633
23,69420
23,69421
23,69436
23,69433
23,69440
24,69602
24,69530
24,69642
24,69910
24,69646
24,69511
24,69603
24,69643
24,69502
24,69645
24,69501
24,69601
24,69505
24,69641
24,69644
25,92626
25,69100
25,92627
25,69105
25,92640
26,69550
26,69540
26,69660
26,69554
26,69960
26,69979
26,69209
26,69666
26,69650
26,69320
26,69535
26,69552
26,69700
26,69711
26,69718
26,69662
26,69801
26,69714
26,69005
26,69210
26,69424
26,69120
26,69715
26,69140
26,69805
26,69670
26,69799
26,69450
26,92633
26,69205
26,69310
26,69950
26,69090
26,69155
26,69905
26,69717
26,92630
26,69915
26,69949
26,69930
26,69110
26,69145
26,69020
26,69300
26,69676
26,69667
26,69806
26,69000
26,69150
26,69661
26,69710
26,69399
27,30905
27,30906
27,31241
27,30903
27,30920
27,42970
27,31238
27,30915
27,30901
28,30450
28,30620
28,30400
28,30430
28,30462
28,30465
28,30420
28,30540
28,30545
28,30520
28,30410
28,30630
28,30460
28,30435
29,41823
29,41874
29,41850
29,41826
29,41827
29,41825
29,41805
29,21110
29,41800
29,41830
29,41822
29,41828
29,41806
29,21497
29,41821
29,41899
30,42836
30,42820
30,42826
30,42830
30,42831
30,42860
30,42821
30,42835
30,42870
30,42825
31,92614
31,42806
31,41105
31,31235
31,92504
31,41108
31,92612
31,92615
31,92700
31,40490
31,42100
31,92610
31,31233
31,41100
31,92616
31,42800
31,40808
31,30100
31,92617
31,42804
31,92512
31,92611
31,42400
31,31231
31,92502
31,42405
31,31237
31,92613
31,92511
32,41010
32,40830
32,21081
32,40899
32,31299
32,41530
32,30999
32,42699
32,42280
32,21077
32,42960
32,21085
32,42650
32,21082
32,21083
32,30210
32,42660
32,30310
32,21076
32,21086
32,41599
32,40831
32,30020
32,41250
32,40806
32,42999
32,41252
32,99188
32,42299
32,30802
32,40799
32,30801
32,30118
32,42160
32,30200
32,21087
32,21080
32,41251
32,42000
32,31000
32,30220
32,21084
32,41115
32,21079
32,40820
32,21088
32,31002
32,21089
32,92526
33,42408
33,31294
33,42205
33,40761
33,31020
33,41130
33,31080
33,42227
33,30130
33,41153
33,41007
33,21100
33,41017
33,40844
33,42892
33,42500
33,42972
33,31051
33,31267
33,30160
33,31295
33,41145
33,31086
33,42665
33,30115
33,42335
33,40819
33,42410
33,40650
33,31296
33,40520
33,40720
33,40814
33,31256
33,42510
33,40652
33,42842
33,42950
33,42235
33,30150
33,31081
33,31255
33,41510
33,40842
33,41872
33,31240
33,41018
33,41006
33,42226
33,40510
33,41110
33,42145
33,42720
33,42281
33,31070
33,42900
33,30560
33,43030
33,40801
33,40840
33,30600
33,31298
33,41113
33,42415
33,30125
33,31201
33,41016
33,41008
33,42120
33,40530
33,42182
33,31087
33,40816
33,41870
33,42955
33,41120
33,41000
33,42215
33,40843
33,41015
33,41135
33,31287
33,42808
33,42953
33,42140
33,42340
33,42330
33,42725
33,42890
33,42426
33,41512
33,42810
33,31200
33,42305
33,41140
33,41155
33,42962
33,42845
33,31276
33,31239
33,31254
33,31205
33,41009
33,42104
33,31390
33,40800
33,42310
33,31050
33,31297
33,42210
33,31084
33,40654
33,31257
33,41116
33,42300
33,40525
33,42180
33,42440
33,40527
33,42425
33,31291
33,42505
33,42815
33,30000
33,42894
33,31085
33,40500
33,41820
33,40700
33,31288
33,31090
33,30110
33,31040
33,41150
33,31292
33,31030
33,40810
33,31293
33,31032
33,41112
33,42220
33,42961
33,42320
33,30117
33,42844
33,42600
33,40702
33,42450
33,42200
33,42409
33,41114
33,42420
33,41005
33,42971
33,40701
33,31253
33,31395
33,42700
33,30580
33,42107
33,41520
33,31075
33,30140
33,40812
33,42225
33,40845
33,42507
33,42509
33,20912
33,31290
33,31259
33,42260
33,42106
34,31605
34,31610
34,31603
34,31614
34,31601
34,31613
34,31600
35,31505
35,31579
35,31515
35,31510
35,31576
35,31520
35,31575
35,31525
35,31536
35,31526
35,31615
35,31535
36,32440
36,32672
36,32445
36,32501
36,32506
36,32671
36,32663
36,32480
36,32488
36,32442
36,32484
36,32491
36,32482
36,32669
36,32505
36,32486
36,32666
36,32850
36,32667
36,32668
36,32670
37,31653
37,31624
37,31652
37,31626
37,31633
37,31622
37,31623
37,31717
37,31628
37,31629
37,31625
37,31627
37,31632
38,32096
38,94452
38,94200
38,32608
38,94621
38,94728
38,94726
38,94013
38,94729
38,94453
38,94060
38,32607
38,94450
38,94016
38,94150
38,32100
38,32097
38,94012
38,94014
38,94618
38,32507
38,94375
38,32098
38,94070
38,94727
38,94015
38,94011
38,94010
38,32609
38,94617
39,32554
39,32550
39,32036
39,32556
39,32557
39,32555
39,32035
39,32551
40,39402
40,32601
40,95012
40,32606
40,39401
40,32400
40,92520
41,32960
41,32560
41,31651
41,31899
41,31612
41,31725
41,31572
41,31502
41,31647
41,31578
41,39599
41,31720
41,32562
41,31599
41,94610
41,32701
41,39499
41,31513
41,31573
41,31574
41,31512
41,94799
41,32999
41,32552
41,32997
41,32553
41,31649
41,32561
41,31648
42,32150
42,31554
42,32124
42,31643
42,31541
42,31661
42,31636
42,32200
42,31561
42,31545
42,31755
42,31584
42,31580
42,32540
42,31527
42,39561
42,31630
42,31780
42,31637
42,31591
42,31553
42,31750
42,32994
42,31546
42,32815
42,32998
42,31781
42,39560
42,31646
42,39501
42,32654
42,32905
42,39220
42,32141
42,31770
42,31400
42,32504
42,32810
42,31785
42,31365
42,31300
42,32310
42,39000
42,32650
42,31367
42,31370
42,32120
42,31775
42,31382
42,31631
42,31640
42,32220
42,31638
42,31531
42,32906
42,31825
42,31634
42,32655
42,31800
42,31368
42,31420
42,32225
42,32820
42,32653
42,31611
42,32651
42,31540
42,31360
42,31820
42,31730
42,31570
42,31660
42,32110
42,39200
42,31805
42,31528
42,32656
42,32662
42,31590
42,32215
42,39545
42,32503
42,32151
42,32320
42,31641
42,31766
42,32800
42,31645
42,31551
42,31560
42,32140
42,31571
42,32940
42,31530
42,39010
42,31587
42,31760
42,31375
42,31552
42,31592
42,32652
42,31380
42,31786
42,31529
43,33478
43,0484T
43,33477
43,93590
43,33361
43,33426
43,33419
43,33366
43,33463
43,33422
43,33362
43,0345T
43,33440
43,33412
43,33474
43,33391
43,33415
43,33364
43,33602
43,33920
43,33411
43,33465
43,92986
43,33368
43,0483T
43,33404
43,33460
43,33468
43,33476
43,33425
43,33410
43,33369
43,33464
43,33363
43,93592
43,33390
43,33470
43,33365
43,33732
43,33475
43,33430
43,33413
43,33427
43,33367
43,33684
43,33405
43,33418
43,33414
43,33417
43,33496
43,92990
43,33600
43,33471
43,33416
43,33420
43,92987
43,93591
43,33406
44,35600
44,33512
44,33510
44,33535
44,33522
44,33534
44,33140
44,33533
44,33141
44,33517
44,33523
44,33521
44,33530
44,33513
44,33516
44,33518
44,33514
44,33536
44,33511
44,33519
45,92944
45,92921
45,92933
45,92937
45,92924
45,92920
45,92938
45,92941
45,92943
45,92929
45,92925
45,92928
45,92934
45,92973
46,92975
46,92977
47,93562
47,93565
47,75756
47,93464
47,93459
47,93531
47,93454
47,93453
47,93566
47,93458
47,93561
47,93452
47,93572
47,93462
47,93451
47,93533
47,93457
47,93532
47,93456
47,93563
47,93571
47,93463
47,93455
47,93564
47,93567
47,75574
47,93460
47,36013
47,93568
47,0523T
47,93461
47,93530
48,33264
48,33273
48,0416T
48,33236
48,33233
48,33249
48,33263
48,0411T
48,33271
48,33228
48,33274
48,33212
48,33210
48,0409T
48,33231
48,0519T
48,33230
48,33238
48,33229
48,33214
48,0520T
48,33226
48,0408T
48,33211
48,0410T
48,0412T
48,33241
48,33215
48,33237
48,33262
48,33270
48,33243
48,0415T
48,33203
48,33216
48,0517T
48,0518T
48,0414T
48,0515T
48,33222
48,33235
48,33240
48,33223
48,33208
48,33234
48,33227
48,33220
48,33225
48,33207
48,33221
48,33275
48,33218
48,33202
48,33224
48,33244
48,33272
48,0413T
48,0516T
48,33213
48,33206
48,33217
49,0459T
49,33645
49,33976
49,33720
49,33572
49,0453T
49,33340
49,33777
49,33621
49,33775
49,0457T
49,0452T
49,33255
49,33265
49,33975
49,0451T
49,33692
49,33924
49,33813
49,33050
49,33665
49,33257
49,33694
49,33031
49,33259
49,33780
49,33504
49,33973
49,33610
49,32658
49,33979
49,33677
49,0532T
49,33940
49,33258
49,33500
49,33676
49,33120
49,33611
49,33736
49,33781
49,33310
49,33030
49,33617
49,33982
49,33675
49,33786
49,33620
49,0527T
49,33980
49,33776
49,33502
49,33254
49,0455T
49,33542
49,33681
49,33710
49,33545
49,93580
49,93582
49,0458T
49,33970
49,0454T
49,33261
49,33647
49,33020
49,33688
49,93583
49,33981
49,32661
49,33977
49,33622
49,33978
49,33025
49,33726
49,33266
49,33507
49,33770
49,33722
49,33783
49,33503
49,33619
49,33256
49,33697
49,0525T
49,33814
49,0461T
49,33927
49,33506
49,33974
49,33300
49,33660
49,33315
49,33130
49,33615
49,33251
49,33730
49,0460T
49,33771
49,0526T
49,33612
49,33782
49,33779
49,33641
49,33774
49,0456T
49,33670
49,33735
49,33548
49,33983
49,93581
49,33702
49,32160
49,33305
49,33724
49,33967
49,33999
49,33250
49,33929
49,0531T
49,33505
49,33608
49,33737
49,32659
49,33928
49,33778
49,33501
49,0530T
49,33971
50,33992
50,33963
50,92971
50,33986
50,92970
50,33951
50,33991
50,33952
50,33989
50,33962
50,33969
50,33946
50,33966
50,33988
50,33957
50,33993
50,33955
50,33953
50,33958
50,33948
50,33949
50,33954
50,33964
50,33987
50,33956
50,33985
50,33965
50,33947
50,33990
50,33984
50,33959
51,35390
51,35301
51,35901
52,33822
52,33851
52,33877
52,33852
52,34832
52,33330
52,33606
52,34705
52,33880
52,33824
52,35091
52,33884
52,33335
52,34839
52,33864
52,33881
52,35081
52,34830
52,33802
52,35092
52,33866
52,33840
52,33803
52,33853
52,33886
52,33883
52,35082
52,35103
52,33845
52,35102
52,33820
52,33875
52,33863
52,34831
53,37766
53,37785
53,37735
53,37722
53,37765
53,37718
53,37761
53,37780
53,37760
53,37700
54,36581
54,92998
54,36218
54,36597
54,36569
54,36572
54,36578
54,36217
54,36012
54,36228
54,36555
54,36557
54,37211
54,36252
54,37197
54,36584
54,36221
54,36583
54,61651
54,36561
54,36560
54,36660
54,36620
54,36000
54,36248
54,92997
54,36563
54,36500
54,36570
54,36580
54,36254
54,36510
54,36565
54,36014
54,36251
54,36823
54,36010
54,36140
54,36160
54,36226
54,36224
54,36245
54,36568
54,36582
54,36015
54,36585
54,36595
54,36625
54,61650
54,36223
54,36225
54,36246
54,36011
54,36556
54,36200
54,36573
54,36247
54,36253
54,36216
54,36481
54,36571
54,36227
54,36215
54,36566
54,36222
54,36640
54,36558
54,36100
55,35647
55,35521
55,35538
55,35661
55,35686
55,35685
55,35539
55,35566
55,35516
55,34520
55,35525
55,35616
55,35666
55,35540
55,35637
55,35522
55,35518
55,35654
55,35650
55,35583
55,35665
55,35558
55,35533
55,35656
55,35570
55,35671
55,35587
55,35646
55,35565
55,35623
55,35621
55,35638
55,35585
55,35556
55,35537
55,35571
55,35523
56,35631
56,35511
56,35632
56,35535
56,35606
56,35601
56,35634
56,35560
56,35506
56,35508
56,35512
56,35636
56,33750
56,37145
56,35536
56,33767
56,37183
56,33755
56,35663
56,35510
56,37140
56,35509
56,33762
56,35531
56,35633
56,35645
56,37182
56,37180
56,35612
56,35526
56,33768
56,35501
56,35563
56,35642
56,37160
56,35626
56,33764
56,37181
56,33766
56,35515
57,36820
57,36901
57,36835
57,36800
57,36908
57,36821
57,36909
57,36818
57,36825
57,36815
57,36830
57,36905
57,36903
57,36906
57,36907
57,36833
57,36902
57,36819
57,36810
57,36904
57,36838
57,36832
58,90940
58,90937
58,90935
59,35180
59,61645
59,0076T
59,61692
59,61686
59,37609
59,61624
59,61642
59,61705
59,61684
59,61630
59,0266T
59,35701
59,35005
59,33889
59,0269T
59,37216
59,35188
59,61611
59,61640
59,0267T
59,61682
59,61623
59,61708
59,34471
59,37606
59,61711
59,0271T
59,61702
59,0075T
59,37600
59,61690
59,37605
59,60605
59,35693
59,35001
59,61698
59,37615
59,37565
59,35800
59,61700
59,35261
59,61710
59,61697
59,0270T
59,35691
59,0268T
59,35231
59,35694
59,61613
59,35002
59,35697
59,61626
59,61635
59,61641
59,33891
59,60600
59,61703
59,37215
59,35695
59,34001
59,61680
60,34201
60,34421
60,35306
60,35372
60,35700
60,35355
60,35371
60,35302
60,34451
60,35361
60,35903
60,35363
60,35305
60,35303
60,34203
60,35304
61,34813
61,37192
61,37225
61,35112
61,35860
61,34845
61,34703
61,37230
61,33915
61,35211
61,37188
61,37229
61,34841
61,35682
61,0236T
61,33925
61,34715
61,35572
61,35251
61,34151
61,37246
61,37650
61,35276
61,34530
61,35132
61,36260
61,35879
61,33917
61,37660
61,34848
61,35681
61,35241
61,37244
61,35221
61,35331
61,37184
61,35351
61,35321
61,35021
61,37228
61,37220
61,37235
61,37618
61,37218
61,35905
61,37221
61,35111
61,37617
61,33926
61,37790
61,34701
61,35236
61,37222
61,37187
61,0524T
61,33800
61,33910
61,33320
61,36831
61,34846
61,33508
61,37249
61,37224
61,34711
61,35281
61,34709
61,35881
61,33922
61,0238T
61,34834
61,34501
61,37247
61,35876
61,35184
61,50100
61,37788
61,35246
61,37191
61,36261
61,34808
61,35266
61,37237
61,34820
61,37232
61,34844
61,35870
61,37226
61,35226
61,35286
61,0234T
61,35121
61,35045
61,35131
61,35152
61,37193
61,35207
61,35011
61,34401
61,0237T
61,34712
61,35022
61,33690
61,35875
61,37234
61,33916
61,37619
61,34714
61,37227
61,37500
61,34702
61,34847
61,37231
61,34706
61,37241
61,36483
61,35907
61,35190
61,0505T
61,35013
61,35341
61,35256
61,35201
61,35189
61,37185
61,34490
61,35884
61,37616
61,35683
61,35840
61,37248
61,35206
61,34716
61,36262
61,35122
61,37223
61,34843
61,34051
61,37239
61,34101
61,34704
61,34713
61,35142
61,35883
61,37186
61,35141
61,34707
61,0235T
61,37233
61,35182
61,37217
61,37238
61,34510
61,35216
61,35500
61,34502
61,35271
61,37242
61,33321
61,34842
61,35820
61,33322
61,37607
61,34812
61,35151
61,37243
61,37236
61,34710
61,35311
61,33788
61,34708
61,34833
61,34111
62,93609
62,93922
62,93619
62,93260
62,93621
62,0475T
62,93622
62,93799
62,0478T
62,93603
62,36005
62,93610
62,93770
62,93998
62,93613
62,93602
62,93261
62,35400
62,93624
62,93750
62,37501
62,93790
62,93505
62,93024
62,93620
62,93640
62,93615
62,33286
62,0462T
62,93616
62,0463T
62,93923
62,93612
62,93631
62,93623
62,93784
62,93050
62,93924
62,33289
62,93644
62,32604
62,93618
62,93641
62,93642
62,93701
62,93786
62,93600
62,0272T
62,0476T
62,0477T
62,37200
62,93740
62,33285
62,0542T
62,0541T
62,93788
63,36471
63,92960
63,36589
63,36002
63,36482
63,36474
63,36591
63,36475
63,36465
63,92950
63,37213
63,37195
63,36576
63,37799
63,36420
63,36860
63,36466
63,36593
63,33968
63,37214
63,36476
63,36425
63,36473
63,36479
63,36590
63,0273T
63,36470
63,36592
63,36861
63,36596
63,92953
63,36575
63,37212
63,36478
63,36468
64,38210
64,38211
64,38208
64,38242
64,38207
64,38209
64,38206
64,38241
64,38212
64,38213
64,38215
64,38240
64,38214
64,38205
64,38243
65,38221
65,38220
65,38222
66,38101
66,38102
66,38115
66,38100
66,38129
66,38120
67,32674
67,0265T
67,49062
67,38305
67,38505
67,38555
67,38531
67,38550
67,38571
67,38589
67,38542
67,38720
67,38232
67,38382
67,38530
67,38562
67,38999
67,38573
67,38770
67,38381
67,38300
67,38570
67,38745
67,38794
67,38765
67,38380
67,38572
67,38520
67,38500
67,38780
67,49323
67,38760
67,38747
67,38700
67,92974
67,36680
67,38900
67,38510
67,38525
67,38308
67,38724
67,38564
67,38204
67,38230
67,38740
67,38746
68,43400
68,43243
68,43244
69,43214
69,43196
69,43453
69,43460
69,43226
69,43248
69,43450
69,43510
69,43220
69,43195
69,43233
69,43249
69,43213
70,43202
70,43200
70,44384
70,43210
70,43255
70,43229
70,44382
70,44377
70,44376
70,43236
70,44385
70,43217
70,43204
70,43259
70,43191
70,43201
70,44381
70,43197
70,44360
70,43266
70,43211
70,44361
70,43232
70,43257
70,43270
70,44386
70,43252
70,43239
70,43247
70,43254
70,43180
70,43206
70,44380
70,43231
70,43253
70,43192
70,43212
70,43235
70,43241
70,43193
70,43237
70,43198
70,43240
70,43242
70,43250
70,43205
70,44379
70,43238
70,43251
71,43246
71,43762
71,49450
71,43831
71,43830
71,43653
71,49440
71,43832
71,49452
71,43763
71,44373
72,57307
72,45825
72,45805
72,44322
72,44345
72,44188
72,44320
72,44605
72,45563
72,44340
73,48150
73,48153
73,48154
73,49451
73,44015
73,44310
73,47802
73,48152
73,44312
73,44187
73,48001
73,44316
73,44300
73,49442
73,44186
73,44314
73,49446
73,49441
73,44130
74,43622
74,43632
74,43633
74,43631
74,43621
74,43620
74,43634
75,44202
75,44133
75,44120
75,44203
75,44126
75,44661
75,44121
75,43496
75,44125
75,44132
75,44127
75,44128
76,44391
76,45382
76,45389
76,44405
76,45380
76,45378
76,45393
76,45390
76,44392
76,44404
76,44406
76,45500
76,45381
76,44388
76,44407
76,44394
76,45385
76,44402
76,45384
76,44408
76,45391
76,45392
76,44403
76,45388
76,45386
76,45398
76,45505
76,44389
76,44401
77,45327
77,45333
77,45331
77,45321
77,45337
77,46601
77,45349
77,46607
77,45309
77,45315
77,45330
77,45305
77,46606
77,46600
77,45342
77,46612
77,45303
77,45300
77,45341
77,45334
77,45350
77,45335
77,46614
77,45308
77,45340
77,46611
77,45338
77,45347
77,45346
77,46615
77,45317
77,45320
77,46610
77,45100
77,46604
78,44151
78,45121
78,44212
78,44141
78,45397
78,45395
78,45112
78,44143
78,45160
78,45126
78,44205
78,45171
78,44208
78,45172
78,45111
78,45116
78,44155
78,44157
78,44207
78,44144
78,44140
78,44210
78,45136
78,44147
78,45110
78,45113
78,45550
78,44158
78,44156
78,45130
78,44211
78,45114
78,45123
78,44150
78,45119
78,45135
78,44160
78,44204
78,44139
78,44145
78,45402
78,44146
78,45120
78,44213
78,44206
79,44111
79,44110
80,44979
80,44950
80,44960
80,44970
80,44955
81,46262
81,46260
81,46930
81,46257
81,46083
81,46947
81,46221
81,46230
81,46261
81,46255
81,46320
81,46500
81,46258
81,46945
81,46946
81,46250
82,43274
82,43278
82,43277
82,43264
82,43273
82,74328
82,43275
82,43262
82,43261
82,0397T
82,43276
82,74329
82,74330
82,43265
82,43263
82,43260
83,47001
83,47100
83,47000
84,47610
84,47563
84,47564
84,47420
84,47550
84,47400
84,47460
84,47562
84,47620
84,47425
84,47600
84,47605
84,47612
85,49500
85,49520
85,49550
85,49491
85,49501
85,49553
85,49521
85,49496
85,49555
85,49650
85,49557
85,49505
85,49507
85,49651
85,49525
85,49492
85,49495
86,43281
86,43334
86,49568
86,49561
86,49659
86,49560
86,49587
86,49654
86,49585
86,49655
86,49540
86,49653
86,43282
86,49572
86,43333
86,43336
86,49582
86,43337
86,49600
86,49652
86,49605
86,39503
86,55540
86,39540
86,39541
86,43332
86,49606
86,49656
86,49657
86,49611
86,49565
86,44346
86,49580
86,49570
86,49566
86,49590
86,49610
86,43335
87,49322
87,49324
87,47579
87,49327
87,49326
87,49325
87,43289
87,49321
87,43659
87,49329
87,49320
87,45499
87,44238
88,49083
88,49082
88,49084
89,49010
89,49000
89,43605
89,49002
90,44005
91,90947
91,90945
91,90997
91,90999
92,44025
92,44010
92,44020
92,44100
93,43216
93,43227
93,43245
93,44378
94,43310
94,43340
94,43810
94,44615
94,43285
94,43881
94,43651
94,43341
94,43331
94,43882
94,43500
94,43501
94,32665
94,43116
94,43327
94,43122
94,43351
94,43860
94,43328
94,43520
94,43112
94,43124
94,43288
94,43647
94,43325
94,43415
94,43405
94,43135
94,43648
94,43113
94,43352
94,43855
94,46924
94,43850
94,43880
94,43286
94,43635
94,43100
94,43330
94,43279
94,43305
94,43361
94,43641
94,43117
94,43410
94,43280
94,43130
94,43825
94,43108
94,43320
94,43118
94,43287
94,43313
94,43123
94,43610
94,43312
94,43314
94,43284
94,43283
94,43865
94,43101
94,43045
94,43338
94,43020
94,43425
94,43640
94,43800
94,43652
94,43121
94,43870
94,43420
94,43360
94,43107
94,43300
94,43502
94,43611
94,43820
94,43840
95,45190
95,45900
95,44899
95,45999
95,45910
95,43499
95,46220
95,43999
95,46942
95,46505
95,46940
95,45915
95,46706
95,45399
95,46922
95,44799
95,44705
95,43761
95,45905
95,46900
95,46910
95,46917
95,46999
95,46916
96,44626
96,46200
96,46050
96,45820
96,46080
96,46730
96,46740
96,46285
96,44050
96,45800
96,46030
96,45000
96,45562
96,45150
96,46742
96,44820
96,45400
96,46275
96,44625
96,44700
96,46070
96,44660
96,46754
96,45005
96,46760
96,45540
96,44372
96,46060
96,44021
96,44900
96,46270
96,44370
96,46751
96,46716
96,46712
96,44650
96,44055
96,44602
96,46700
96,45108
96,46705
96,46735
96,44603
96,46753
96,44620
96,46707
96,44227
96,46020
96,46288
96,46750
96,46761
96,44800
96,44850
96,46040
96,0184T
96,46280
96,44604
96,44180
96,45541
96,46710
96,44680
96,46045
96,46715
96,44701
96,44640
96,45020
97,48102
97,91038
97,47700
97,91013
97,91120
97,48400
97,91022
97,91035
97,47543
97,49424
97,49180
97,91034
97,91030
97,91037
97,45990
97,91299
97,47553
97,91020
97,91122
97,91117
97,47552
97,91200
97,91010
97,91040
97,91112
97,48100
97,0355T
97,49427
97,91132
97,91133
97,91065
97,49400
98,49406
98,49405
98,47537
98,47399
98,48999
98,49411
98,49423
98,99175
98,45520
98,47133
98,47541
98,49999
98,91111
98,44500
98,91110
98,49460
98,47536
98,47999
98,48550
98,49407
99,47539
99,47801
99,47540
99,47555
99,48510
99,49412
99,48556
99,47765
99,0437T
99,49436
99,48148
99,47362
99,47780
99,48146
99,44137
99,47361
99,47381
99,49418
99,47383
99,48500
99,49419
99,49425
99,49426
99,47721
99,49402
99,49900
99,47533
99,49421
99,47534
99,49185
99,47130
99,49435
99,47544
99,47900
99,47542
99,48140
99,48547
99,48540
99,49428
99,47122
99,47480
99,47120
99,47785
99,47380
99,48105
99,47490
99,49255
99,44366
99,47350
99,49904
99,49203
99,49205
99,44365
99,47760
99,47711
99,47720
99,48020
99,49020
99,47371
99,49040
99,49215
99,49906
99,47715
99,47300
99,47379
99,48548
99,47712
99,47535
99,48545
99,47015
99,47370
99,48155
99,47556
99,44369
99,48520
99,47538
99,48120
99,49422
99,49429
99,47800
99,47554
99,49060
99,49250
99,49204
99,47741
99,47740
99,47701
99,44364
99,48000
99,47125
99,47382
99,47010
99,48145
99,49905
99,47570
99,47360
100,50970
100,50570
100,50574
100,50955
100,50974
100,52204
100,50555
100,52000
100,52276
100,52007
100,52354
100,50553
100,53200
100,50551
100,50951
100,52351
100,52010
101,52320
101,52500
101,52001
101,52310
101,52640
101,50980
101,52343
101,50976
101,52235
101,52346
101,52214
101,52341
101,50957
101,52345
101,52342
101,50561
101,52224
101,52301
101,52315
101,52330
101,52300
101,52305
101,50580
101,50961
101,52234
101,52325
101,52344
101,52352
101,52240
102,50572
102,52005
102,50693
102,50947
102,50953
102,50972
102,50695
102,50605
102,52332
102,50694
102,50948
103,50433
103,50010
103,50130
103,50436
103,50080
103,50020
103,50435
103,50070
103,50434
103,50125
103,50065
103,50075
103,52334
103,50432
103,50081
103,50135
103,50040
103,50045
103,50120
103,50060
103,50437
104,50545
104,50234
104,50220
104,50240
104,50329
104,50327
104,50320
104,50328
104,50325
104,50543
104,50230
104,50546
104,50548
104,50547
104,50225
104,50300
104,50236
104,50323
104,50370
104,50340
105,50380
105,50365
105,50360
106,57220
106,57287
106,57288
106,51990
106,53442
106,53440
106,51840
106,53447
106,51841
106,51845
106,53449
106,53448
106,51715
106,53445
106,51992
107,52353
107,52356
107,50590
108,51702
108,51703
108,51701
109,53515
109,53621
109,53860
109,52442
109,54316
109,53505
109,53420
109,57310
109,53601
109,53431
109,52285
109,53665
109,52441
109,53661
109,53010
109,52281
109,53025
109,53520
109,53060
109,53605
109,53020
109,53660
109,57311
109,53270
109,53410
109,52400
109,52277
109,53430
109,0499T
109,53500
109,53220
109,53230
109,52282
109,52290
109,53240
109,52283
109,53040
109,54312
109,53425
109,53444
109,54308
109,52275
109,53210
109,53000
109,53405
109,53446
109,53235
109,52270
109,53400
109,54318
109,53460
109,53510
109,53215
109,53620
109,53260
109,53855
109,53250
109,53415
109,53450
109,53275
109,53265
109,53600
109,53502
110,50549
110,50205
110,50200
110,51999
111,51100
111,50386
111,50390
111,50387
111,50705
111,50391
111,50382
111,53899
111,52265
111,50606
111,51710
111,50592
111,50706
111,51705
111,50389
111,50385
111,51700
111,50688
111,50384
112,50800
112,50660
112,50810
112,51535
112,50520
112,51030
112,51595
112,52355
112,51860
112,50722
112,51820
112,50728
112,50290
112,51520
112,50250
112,51530
112,51800
112,53080
112,51575
112,50780
112,51555
112,51597
112,57320
112,51580
112,50700
112,51020
112,51960
112,50750
112,51920
112,50860
112,50740
112,50525
112,50630
112,51565
112,51525
112,51045
112,51596
112,50900
112,50610
112,50760
112,51102
112,52327
112,50542
112,50845
112,51865
112,50727
112,52318
112,50280
112,50620
112,50930
112,50945
112,52250
112,51040
112,51570
112,52287
112,51900
112,57330
112,50544
112,50541
112,51550
112,51880
112,52260
112,51101
112,50825
112,51065
112,50600
112,50405
112,51050
112,50840
112,50940
112,52317
112,53085
112,50725
112,51940
112,50562
112,50949
112,50500
112,50400
112,50920
112,51080
112,51500
112,51585
112,50593
112,50540
112,50820
112,51590
112,50715
112,50830
112,50526
112,51980
112,50782
112,51060
112,50770
112,50785
112,50576
112,50575
112,50557
112,50783
112,50815
112,50650
113,52601
113,52630
113,53850
113,53854
113,0421T
113,53852
114,55831
114,55842
114,55821
114,55866
114,55873
114,55845
114,55840
114,55810
114,55815
114,55801
114,55812
115,54150
115,54161
115,54163
115,54160
116,54105
116,54100
116,54235
116,54240
116,54250
116,55110
116,55706
116,54699
116,54505
116,55700
116,54800
116,54865
116,54500
116,0443T
116,54231
116,55705
117,55000
117,54450
117,54056
117,55920
117,54200
117,55200
117,54065
117,54220
117,54001
117,55870
117,55100
117,55875
117,55876
117,55120
117,55899
117,54057
117,54000
117,54055
117,54050
117,55250
118,55040
118,54700
118,54440
118,54385
118,54512
118,55500
118,55600
118,54328
118,54522
118,54332
118,54830
118,52647
118,54660
118,54410
118,54112
118,54360
118,54400
118,54401
118,55041
118,54324
118,54111
118,54420
118,54690
118,54435
118,54162
118,54620
118,54416
118,54900
118,54438
118,54125
118,54670
118,54901
118,54115
118,54015
118,54560
118,54326
118,52648
118,55860
118,54352
118,54205
118,54411
118,54535
118,55725
118,54164
118,54406
118,54304
118,52649
118,55720
118,52402
118,54405
118,55865
118,54408
118,52700
118,54060
118,54415
118,55400
118,54550
118,55520
118,54120
118,55175
118,55530
118,54340
118,54322
118,55862
118,55559
118,54336
118,54110
118,54348
118,54600
118,54650
118,55550
118,54430
118,55150
118,55650
118,54692
118,54390
118,54300
118,54130
118,54640
118,55060
118,55970
118,55605
118,55535
118,54380
118,54530
118,54861
118,54135
118,54344
118,54840
118,54520
118,52450
118,54680
118,55180
118,54417
118,54860
118,55680
118,54437
119,58943
119,58940
119,58720
119,58952
119,58661
119,58950
120,58800
120,58820
120,58825
120,58805
120,58970
120,58920
120,58925
120,58740
120,58822
121,58670
121,58605
121,58600
121,58671
121,58615
121,58611
122,59150
122,59151
122,59121
122,59136
122,59135
122,59130
122,59120
122,59140
123,58770
123,58750
123,58760
123,58350
123,58752
123,58672
123,58700
123,58565
123,58345
124,58550
124,58544
124,58285
124,58292
124,58552
124,51925
124,58543
124,58951
124,58210
124,58270
124,58280
124,58263
124,58150
124,58953
124,58554
124,58275
124,58541
124,58542
124,58240
124,58572
124,58954
124,59525
124,58294
124,58570
124,58573
124,58152
124,58260
124,58291
124,58180
124,58956
124,58290
124,58571
124,58200
124,58267
124,58548
124,58553
124,58262
124,58575
125,57540
125,58561
125,57522
125,57545
125,57530
125,58145
125,58563
125,57531
125,58545
125,58356
125,58546
125,58140
125,58353
125,57558
125,58146
125,57513
125,58560
125,57550
125,57510
125,57520
125,57461
125,57511
125,58559
126,59855
126,59841
126,59852
126,59857
126,59851
126,59856
126,59850
126,59840
127,59821
127,59812
127,59830
127,59160
127,59820
128,58120
129,57250
129,57423
129,57270
129,57555
129,57120
129,57230
129,57289
129,57240
129,57267
129,45560
129,57268
129,57556
129,57260
129,57285
129,57284
129,57265
130,57410
130,58578
130,58679
130,57000
130,57105
130,56821
130,56820
130,57456
130,57455
130,57421
130,58579
130,57500
130,0487T
130,58340
130,58555
130,57420
130,58960
130,58110
130,57460
130,56606
130,58100
130,57100
130,57452
130,57454
130,58558
130,56605
130,58900
131,58322
131,57180
131,58300
131,0404T
131,58321
131,57155
131,58323
131,56515
131,58974
131,57020
131,57156
131,0071T
131,58346
131,57800
131,57400
131,57160
131,57061
131,58999
131,59871
131,58301
131,57065
131,57170
131,0072T
131,56442
131,56501
131,57150
132,57135
132,57300
132,58410
132,56633
132,57305
132,46746
132,56632
132,56637
132,59100
132,56810
132,57111
132,57295
132,57109
132,57426
132,58540
132,57335
132,56630
132,57110
132,57023
132,56420
132,56620
132,57107
132,57283
132,57291
132,57292
132,58958
132,59870
132,58674
132,58662
132,46744
132,58976
132,57720
132,57425
132,58957
132,57200
132,57282
132,56405
132,56805
132,57106
132,57505
132,57700
132,56640
132,58520
132,55980
132,56634
132,58660
132,58673
132,57210
132,58400
132,57010
132,57296
132,56631
132,57280
132,19105
132,56440
132,57130
132,46748
132,56625
132,56700
132,57308
132,56441
132,56740
132,56800
134,59618
134,59515
134,59514
134,59622
134,59620
134,59510
135,59614
135,59410
135,59612
135,59610
135,59409
137,59899
137,59414
137,59412
138,59000
139,59015
139,59020
139,59030
139,59051
139,59012
139,59050
139,59025
140,59300
140,59350
141,59200
141,36460
141,59426
141,59400
141,59076
141,59001
141,59430
141,59074
141,59898
141,59070
141,59320
141,59425
141,59325
141,59897
141,57022
141,59866
141,59072
142,21034
142,24125
142,25126
142,23140
142,22112
142,28175
142,27356
142,27350
142,26200
142,27071
142,23155
142,22210
142,22110
142,24152
142,21029
142,21610
142,15958
142,23125
142,24115
142,27360
142,24145
142,28118
142,27637
142,24110
142,28153
142,21630
142,24147
142,27357
142,24116
142,27067
142,26230
142,22224
142,21026
142,26236
142,21502
142,25150
142,23200
142,21070
142,21209
142,21050
142,15941
142,26205
142,27365
142,21620
142,27355
142,21705
142,23145
142,25230
142,22216
142,28110
142,27640
142,28114
142,21295
142,27635
142,23180
142,27646
142,27641
142,23210
142,22100
142,27122
142,21031
142,31225
142,28124
142,21049
142,21044
142,25120
142,28171
142,15937
142,28100
142,22206
142,28288
142,26215
142,28120
142,28140
142,27070
142,28113
142,24150
142,28130
142,23146
142,21296
142,21632
142,25215
142,21040
142,15922
142,22114
142,25151
142,31230
142,27358
142,24120
142,28111
142,22226
142,15945
142,24140
142,15935
142,22818
142,27075
142,27066
142,15946
142,21616
142,26235
142,23156
142,21048
142,22214
142,25125
142,20150
142,23150
142,22103
142,22208
142,24126
142,21032
142,22116
142,23182
142,23184
142,21627
142,22819
142,24149
142,23195
142,28119
142,23190
142,21047
142,22101
142,25135
142,21025
142,25170
142,25136
142,27065
142,27076
142,28112
142,29824
142,15951
142,22212
142,28126
142,21046
142,22220
142,26262
142,27418
142,27638
142,23120
142,26210
142,21615
142,25210
142,28108
142,26260
142,22222
142,25119
142,27077
142,61597
142,28122
142,26250
142,28104
142,27645
142,25240
142,21045
142,15920
142,69970
142,21600
142,23130
142,21030
142,24130
142,27078
142,28150
142,15953
142,28160
142,22102
142,23220
142,28173
142,32900
142,15933
142,22207
142,27647
142,25130
143,28345
143,28291
143,28755
143,28289
143,28297
143,28285
143,28298
143,28313
143,28286
143,28760
143,28292
143,28299
143,28340
143,28295
143,28296
143,28341
144,21360
144,21406
144,21462
144,21344
144,21445
144,21453
144,21386
144,21470
144,21337
144,21390
144,21348
144,21395
144,21423
144,21454
144,21356
144,21465
144,21385
144,21408
144,21461
144,21338
144,21330
144,21320
144,30930
144,21431
144,21433
144,21440
144,21436
144,21310
144,21355
144,21346
144,21366
144,21336
144,21451
144,21325
144,21490
144,21365
144,21407
144,21421
144,21435
144,21387
144,21335
144,21340
144,21450
144,21422
144,21347
144,21485
144,21343
144,21400
144,21480
144,21315
144,21345
144,21452
144,21401
144,21432
144,21339
145,25652
145,25606
145,25651
145,24650
145,25660
145,24620
145,24605
145,25671
145,25525
145,25605
145,24655
145,25515
145,24615
145,24164
145,25608
145,24586
145,24665
145,25420
145,25505
145,25415
145,25575
145,25609
145,24675
145,25500
145,25530
145,25545
145,25560
145,25607
145,24635
145,25535
145,25676
145,25650
145,24600
145,24587
145,25600
145,25675
145,25405
145,25526
145,25565
145,24640
145,25574
145,24685
145,29847
145,24670
145,25520
145,24666
145,25400
146,27246
146,27258
146,27236
146,27517
146,27230
146,27176
146,27495
146,27502
146,27514
146,27252
146,27257
146,27250
146,27240
146,27187
146,27265
146,27519
146,27269
146,27222
146,27245
146,27253
146,27508
146,27510
146,27509
146,27179
146,27266
146,27178
146,27238
146,27177
146,27244
146,27516
146,27472
146,27181
146,27220
146,27513
146,27248
146,27185
146,27268
146,27503
146,27175
146,27267
146,27254
146,27259
146,27506
146,27500
146,27507
146,27501
146,27256
146,27511
146,27235
146,27232
147,27535
147,28495
147,27532
147,28576
147,27562
147,28605
147,27558
147,28545
147,27825
147,27823
147,28470
147,28530
147,28666
147,28420
147,27810
147,28435
147,28465
147,27827
147,28490
147,27722
147,27829
147,28660
147,28320
147,28531
147,28675
147,28585
147,28600
147,28456
147,27556
147,28665
147,28400
147,27822
147,27538
147,28455
147,27784
147,27786
147,28406
147,27842
147,28630
147,28575
147,28505
147,27767
147,27769
147,28405
147,28645
147,27788
147,28450
147,28510
147,27524
147,27758
147,28475
147,27768
147,28606
147,28615
147,27536
147,28515
147,28445
147,28636
147,27750
147,29851
147,27832
147,29850
147,27530
147,27846
147,27725
147,27814
147,28322
147,28415
147,27752
147,27720
147,27550
147,27756
147,27540
147,28476
147,27557
147,28430
147,27766
147,27520
147,27560
147,27831
147,27759
147,27848
147,29856
147,27762
147,28540
147,27724
147,27808
147,28546
147,27760
147,27816
147,27792
147,27824
147,28496
147,28446
147,27566
147,27726
147,27552
147,27830
147,28635
147,27840
147,29855
147,28525
147,28485
147,28570
147,27781
147,27826
147,28555
147,28436
147,27780
147,27818
147,27828
148,24575
148,21812
148,26605
148,22514
148,23515
148,22513
148,24582
148,24498
148,24515
148,26756
148,26735
148,24579
148,27200
148,27197
148,0200T
148,23660
148,23520
148,23665
148,24546
148,25628
148,27227
148,22512
148,27226
148,23675
148,24545
148,23525
148,26742
148,25680
148,22511
148,27215
148,21825
148,24430
148,22318
148,26715
148,26607
148,24160
148,25630
148,23620
148,24560
148,22315
148,24565
148,26755
148,25624
148,26641
148,23670
148,26665
148,26600
148,22310
148,26645
148,27860
148,26750
148,27218
148,23532
148,23540
148,27216
148,27217
148,22325
148,21811
148,25685
148,26720
148,22326
148,23575
148,25635
148,22510
148,22515
148,24500
148,23545
148,26676
148,26746
148,27202
148,24566
148,26770
148,23680
148,23505
148,22327
148,26650
148,23552
148,22319
148,26670
148,25622
148,23616
148,26765
148,23655
148,22328
148,0201T
148,21813
148,24576
148,24577
148,26725
148,62000
148,25690
148,26740
148,25440
148,23600
148,24516
148,25695
148,26727
148,24538
148,25670
148,23615
148,25431
148,27198
148,23570
148,26686
148,26776
148,62010
148,24505
148,24530
148,62005
148,23585
148,26615
148,27228
148,26608
148,23630
148,26785
148,21820
148,26685
148,23650
148,23500
148,24535
148,26706
148,26775
148,26700
148,23550
148,23605
148,26675
148,23625
148,25645
148,23530
148,26705
149,29900
149,29870
149,29999
149,29800
149,29860
149,29830
149,29805
149,29888
149,29804
149,29834
149,29840
149,29843
149,29819
149,29871
149,29889
150,27612
150,23415
150,24102
150,26520
150,27425
150,28260
150,28264
150,26525
150,28270
150,29873
150,27036
150,28261
150,29884
150,25085
150,28262
150,27435
150,24006
150,28272
150,29825
151,27347
151,29881
151,27332
151,27409
151,27403
151,27405
151,29882
151,27333
151,27407
151,29880
151,29883
152,27440
152,27487
152,27486
152,27420
152,27442
152,27447
152,27428
152,27427
152,27429
152,27443
152,27437
152,27438
152,27445
152,27446
152,27422
152,27424
152,27441
153,27125
153,27130
153,27132
153,29914
153,27138
153,29915
153,27134
153,29916
153,27137
154,24362
154,25446
154,23473
154,25445
154,26536
154,29826
154,24361
154,27700
154,23472
154,25447
154,23470
154,24360
154,27703
154,24366
154,25441
154,26531
154,23474
154,24371
154,21242
154,25332
154,24363
154,26535
154,21240
154,21243
154,24370
154,27702
154,25444
154,25442
154,26530
154,25449
154,0098T
154,23420
154,24365
154,25443
155,20600
155,20605
155,20604
155,20611
155,20606
155,20610
156,20527
156,0264T
156,64650
156,20552
156,64653
156,20612
156,20551
156,20500
156,0263T
156,20553
156,20550
157,27888
157,28820
157,27591
157,27290
157,27590
157,27886
157,27882
157,27880
157,28805
157,27295
157,27889
157,28825
157,27592
157,27594
157,27884
157,27881
157,27596
157,28800
157,27598
157,28810
158,22610
158,22612
158,22586
158,22595
158,0163T
158,22841
158,22842
158,22859
158,22590
158,22551
158,22854
158,22533
158,22585
158,22846
158,22857
158,22847
158,22850
158,22865
158,0165T
158,22862
158,22812
158,22600
158,22843
158,22532
158,22853
158,22632
158,22849
158,22633
158,22810
158,22848
158,22852
158,22808
158,22840
158,22614
158,22634
158,22554
158,22534
158,22556
158,22630
158,0164T
158,22548
158,22558
158,22804
158,22800
158,22845
158,22844
158,22552
158,22855
158,22802
159,25065
159,20240
159,28054
159,24101
159,23101
159,20245
159,26105
159,21920
159,21925
159,24100
159,25066
159,25101
159,20251
159,21550
159,20250
159,20220
159,23107
159,20501
159,24066
159,20200
159,27041
159,27324
159,20206
159,25040
159,23100
159,25100
159,27323
159,27040
159,20205
159,26100
159,27620
159,23066
159,24065
159,28050
159,20950
159,23065
159,27050
159,27330
159,27614
159,28052
159,27613
159,20225
159,26110
159,27052
160,26490
160,26117
160,26492
160,23030
160,26445
160,26370
160,27385
160,27619
160,24301
160,21935
160,24310
160,27892
160,28230
160,28240
160,27301
160,27380
160,26415
160,25115
160,26040
160,26477
160,21556
160,27681
160,24341
160,21015
160,24320
160,27098
160,27606
160,26494
160,24076
160,21743
160,25110
160,27396
160,28090
160,25280
160,24342
160,27381
160,27893
160,28008
160,25031
160,25272
160,28234
160,26480
160,29828
160,24105
160,23000
160,25073
160,27496
160,28047
160,26510
160,27605
160,27615
160,26121
160,27680
160,23406
160,26113
160,26471
160,25301
160,26500
160,21930
160,28092
160,26508
160,27100
160,26160
160,27658
160,26434
160,27690
160,28060
160,26180
160,26123
160,23931
160,25312
160,26460
160,22904
160,27060
160,27602
160,28202
160,25111
160,27000
160,26496
160,27097
160,27307
160,26580
160,28226
160,26550
160,27340
160,28002
160,25077
160,29827
160,27057
160,21016
160,25316
160,27048
160,28250
160,27372
160,25024
160,26442
160,26593
160,27630
160,27626
160,28208
160,27600
160,26045
160,21725
160,20924
160,28200
160,23440
160,26489
160,27656
160,27001
160,25001
160,26020
160,26497
160,26412
160,25248
160,26410
160,26416
160,26591
160,22901
160,27498
160,21554
160,27652
160,27894
160,26170
160,23395
160,20920
160,21936
160,28222
160,26418
160,26499
160,23078
160,28062
160,25028
160,27394
160,25020
160,27393
160,26373
160,26485
160,28890
160,20525
160,26356
160,26502
160,24330
160,27364
160,23430
160,25295
160,25300
160,27345
160,25116
160,25112
160,27686
160,26390
160,27687
160,28003
160,26125
160,27025
160,24331
160,26437
160,26479
160,27329
160,27390
160,27005
160,27603
160,27604
160,27027
160,26428
160,24340
160,25025
160,25270
160,25109
160,26433
160,26116
160,26037
160,27111
160,24073
160,21700
160,23020
160,27430
160,24079
160,25275
160,27685
160,27110
160,26055
160,26357
160,27675
160,20520
160,24077
160,27328
160,26118
160,27676
160,26030
160,26498
160,27499
160,27634
160,26060
160,27386
160,27087
160,23410
160,25315
160,24495
160,25260
160,26358
160,27306
160,21558
160,28041
160,28086
160,27006
160,27059
160,28210
160,21932
160,25290
160,26372
160,28046
160,26025
160,26392
160,27616
160,28001
160,28220
160,28360
160,21720
160,27391
160,26440
160,27497
160,25263
160,27650
160,27691
160,27105
160,28088
160,26474
160,28192
160,25078
160,20922
160,25076
160,27601
160,27664
160,26476
160,27305
160,27665
160,23397
160,28232
160,27397
160,26449
160,27395
160,23930
160,28238
160,27062
160,25310
160,27400
160,26478
160,22905
160,23405
160,22900
160,24305
160,27049
160,27392
160,28011
160,25274
160,25265
160,28193
160,21014
160,21013
160,28045
160,28225
160,26352
160,21557
160,27654
160,26426
160,23073
160,23412
160,28737
160,27659
160,27331
160,26035
160,24332
160,26455
160,26420
160,27339
160,24201
160,28010
160,26432
160,27045
160,25000
160,27692
160,21933
160,26450
160,26483
160,25023
160,26350
161,21198
161,20936
161,24435
161,27454
161,28304
161,21147
161,24136
161,27734
161,24138
161,27448
161,21142
161,21159
161,25426
161,25350
161,27742
161,20680
161,20670
161,21261
161,28106
161,24410
161,27732
161,21181
161,25035
161,21122
161,20969
161,21246
161,28300
161,28307
161,25492
161,21263
161,23172
161,25450
161,21199
161,27303
161,27727
161,21244
161,21510
161,21195
161,26568
161,27479
161,27707
161,27715
161,24470
161,21137
161,20900
161,24134
161,25491
161,21750
161,21184
161,27607
161,24400
161,25455
161,28302
161,21182
161,21245
161,28103
161,21183
161,28309
161,21143
161,21172
161,28315
161,20938
161,21151
161,27457
161,26185
161,25430
161,21194
161,25490
161,27170
161,24935
161,21196
161,23400
161,25391
161,21210
161,25360
161,20902
161,26546
161,21255
161,21127
161,25145
161,21175
161,27466
161,28102
161,20956
161,21249
161,27161
161,27712
161,28107
161,20973
161,27705
161,20696
161,27450
161,27468
161,21123
161,26034
161,20957
161,27709
161,21155
161,27465
161,21208
161,28308
161,23035
161,27080
161,27140
161,27730
161,28344
161,21150
161,61316
161,20975
161,28116
161,28310
161,20972
161,27477
161,27485
161,23480
161,21154
161,21179
161,25370
161,20693
161,25390
161,21260
161,21139
161,22830
161,21121
161,23174
161,24420
161,21138
161,27151
161,21193
161,26553
161,21247
161,20692
161,20937
161,21206
161,25365
161,27740
161,28306
161,21145
161,23491
161,23935
161,26992
161,21215
161,21267
161,26567
161,21275
161,27475
161,28312
161,20931
161,21160
161,25425
161,27745
161,21125
161,25393
161,23485
161,25375
161,20962
161,20694
161,26565
161,26551
161,25394
161,21120
161,28005
161,20970
161,21180
161,21268
161,25355
161,20930
161,25392
161,20615
161,21188
161,27455
161,21141
161,23170
161,27165
161,21146
161,21256
161,26554
161,21248
161,20690
161,20697
161,28305
161,20939
161,26555
161,23490
161,20955
161,21270
162,29902
162,26075
162,27695
162,25251
162,21010
162,24346
162,23460
162,27570
162,27090
162,27120
162,23044
162,26540
162,28070
162,28740
162,25250
162,27279
162,26542
162,24357
162,23334
162,27696
162,23040
162,23455
162,26517
162,29820
162,29867
162,28730
162,25337
162,27280
162,27286
162,29899
162,24802
162,29877
162,26541
162,27310
162,28715
162,26841
162,29838
162,29891
162,27610
162,28072
162,0095T
162,0511T
162,28725
162,29876
162,23462
162,23450
162,29861
162,25810
162,29901
162,24155
162,24000
162,26990
162,27033
162,29885
162,25105
162,23802
162,27415
162,26135
162,29894
162,29863
162,25118
162,27870
162,26518
162,27871
162,29887
162,29895
162,29897
162,27156
162,26842
162,28024
162,28750
162,25800
162,27030
162,24358
162,29835
162,26080
162,25820
162,26130
162,27704
162,29906
162,27335
162,29846
162,26850
162,29886
162,26843
162,26516
162,26545
162,27416
162,29875
162,27146
162,23031
162,25830
162,29807
162,26861
162,29868
162,25107
162,26991
162,29866
162,29905
162,29845
162,26860
162,27147
162,28022
162,24359
162,29823
162,26820
162,29836
162,24343
162,26863
162,27412
162,29907
162,29862
162,28735
162,25320
162,23335
162,28020
162,26862
162,27488
162,0335T
162,26556
162,27698
162,24345
162,27158
162,26844
162,23800
162,26145
162,29892
162,29879
162,25805
162,29821
162,27282
162,26140
162,0510T
162,29898
162,23465
162,27091
162,28705
162,24800
162,26548
162,25825
162,29844
162,23106
162,27334
162,23105
162,29822
162,26070
162,24344
162,26852
162,27284
162,29904
162,23466
162,27625
162,27054
162,25335
162,29874
162,29837
162,27580
162,29806
163,79440
163,79445
163,27299
163,29710
163,26989
163,22999
163,27275
163,29705
163,27899
163,20999
163,20982
163,20974
163,24999
163,22899
163,98942
163,27599
163,20979
163,25999
163,23929
163,98941
163,26341
163,24300
163,21299
163,26340
163,0102T
163,23700
163,28899
163,25259
163,29700
163,20983
163,98940
163,0481T
163,0101T
163,98943
163,21073
163,21499
163,21899
163,0512T
164,20808
164,21060
164,23900
164,20824
164,20934
164,24930
164,24931
164,22870
164,20805
164,25927
164,0220T
164,0513T
164,25905
164,0222T
164,20816
164,20932
164,24925
164,25909
164,0221T
164,24920
164,26590
164,26952
164,20822
164,0219T
164,20933
164,21742
164,22869
164,21230
164,20827
164,22868
164,23920
164,25931
164,27470
164,26320
164,23077
164,26587
164,23076
164,25924
164,25920
164,20838
164,21740
164,23921
164,24900
164,25907
164,26951
164,20910
164,21685
164,26910
164,21235
164,20985
164,25922
164,25929
164,23333
164,25900
164,25915
164,24940
164,20555
164,20802
164,22867
165,19083
165,19085
165,19081
165,19101
165,19281
165,19287
165,19288
165,19100
165,19285
165,19283
165,19000
165,19001
165,19030
165,19282
165,19082
165,19084
165,19086
165,19286
165,19284
166,19297
166,19125
166,19302
166,19126
166,19301
166,19120
166,19294
167,19303
167,19307
167,19306
167,19305
167,19300
168,10061
168,10081
168,10140
168,22015
168,10120
168,10040
168,21501
168,10121
168,26011
168,26010
168,10080
168,10180
168,11740
168,22010
168,10060
169,11044
169,11010
169,11043
169,11046
169,11012
169,11006
169,16030
169,11045
169,69222
169,11005
169,11008
169,11011
169,16025
169,16020
169,11000
169,11004
169,11042
169,69220
169,11001
169,11047
170,11301
170,17106
170,11422
170,17264
170,17271
170,11307
170,11640
170,11200
170,11400
170,29893
170,11312
170,24075
170,28043
170,11463
170,17000
170,25071
170,15999
170,17281
170,21552
170,26111
170,11310
170,17273
170,17314
170,17266
170,17004
170,11641
170,17107
170,11622
170,11642
170,26115
170,11644
170,0480T
170,11602
170,15944
170,17111
170,17274
170,11303
170,25075
170,17380
170,27047
170,11446
170,11444
170,27618
170,11421
170,11306
170,11623
170,11055
170,21555
170,17276
170,11470
170,21011
170,17311
170,11442
170,11443
170,11643
170,11606
170,11601
170,11620
170,11626
170,17250
170,11424
170,11423
170,11201
170,15940
170,11401
170,17262
170,27632
170,28039
170,10160
170,17272
170,15952
170,17284
170,11426
170,17261
170,27337
170,11603
170,17260
170,11406
170,11420
170,17110
170,11404
170,11402
170,11462
170,11302
170,11600
170,11604
170,11308
170,17340
170,21931
170,17313
170,15936
170,11646
170,11451
170,0479T
170,17312
170,22902
170,23075
170,11441
170,31830
170,24071
170,17283
170,17360
170,11621
170,17282
170,11311
170,11057
170,15956
170,11305
170,11624
170,17280
170,11313
170,17270
170,23071
170,11440
170,17286
170,11056
170,15934
170,17108
170,15950
170,11450
170,27327
170,27043
170,22903
170,11403
170,21012
170,17263
170,11300
170,15931
170,17315
170,11471
170,17003
171,13160
171,12014
171,12006
171,12044
171,12015
171,13100
171,13121
171,12021
171,12057
171,13122
171,12052
171,13133
171,12002
171,13132
171,12047
171,12036
171,12016
171,12001
171,12037
171,13102
171,13120
171,12042
171,12041
171,12018
171,13131
171,12005
171,12011
171,12056
171,12046
171,12034
171,12035
171,12013
171,12004
171,12051
171,12007
171,12017
171,12053
171,12032
171,12054
171,13101
171,12055
171,12031
171,12020
171,12045
172,15738
172,15131
172,15630
172,15120
172,15003
172,15770
172,15842
172,15101
172,15050
172,14001
172,15275
172,15121
172,15572
172,15736
172,15221
172,15100
172,15610
172,15200
172,14061
172,14040
172,15130
172,15760
172,15156
172,15576
172,14060
172,15274
172,15136
172,15845
172,15241
172,15574
172,15110
172,15004
172,15157
172,15002
172,15150
172,15151
172,15650
172,15733
172,15273
172,15734
172,15276
172,15775
172,40818
172,15040
172,14041
172,14301
172,15750
172,15261
172,15005
172,15277
172,14021
172,14302
172,15600
172,15840
172,15841
172,15220
172,15758
172,14020
172,15757
172,15111
172,15260
172,15155
172,15152
172,15115
172,15776
172,15570
172,15271
172,15116
172,15278
172,15201
172,15620
172,15730
172,15272
172,14000
172,15756
172,14350
172,15135
172,15240
172,15731
173,95060
173,10010
173,11755
173,11104
173,95027
173,96932
173,95065
173,96935
173,95018
173,95076
173,11107
173,96931
173,95017
173,10009
173,10035
173,11105
173,0493T
173,96933
173,96936
173,96934
173,10008
173,10006
173,10004
173,11103
173,10021
173,95028
173,95044
173,10012
173,10036
173,10005
173,95024
173,95052
173,95070
173,11102
173,95079
173,95004
173,11106
173,95056
173,10007
173,10011
174,62368
174,96574
174,15781
174,11732
174,11983
174,11982
174,15782
174,15786
174,11981
174,11730
174,96921
174,11976
174,11950
174,11719
174,19396
174,24200
174,96570
174,96920
174,96571
174,10030
174,11921
174,0492T
174,11922
174,96900
174,11721
174,0471T
174,0490T
174,11720
174,11954
174,15793
174,96922
174,11951
174,15860
174,15780
174,15783
174,19499
174,96567
174,96912
174,62367
174,0489T
174,11920
174,11750
174,11952
174,0491T
174,11980
174,96573
174,96904
174,15788
174,96999
174,15789
174,0470T
174,11765
174,11900
174,15792
174,96910
174,96913
174,17999
174,23330
174,11901
175,15835
175,19355
175,26562
175,15828
175,11971
175,11970
175,15740
175,11770
175,19369
175,27086
175,15876
175,15877
175,16036
175,19350
175,15878
175,0420T
175,16035
175,19298
175,26561
175,28190
175,15787
175,11772
175,19112
175,30120
175,11960
175,15830
175,15839
175,19110
175,19325
175,19328
175,19340
175,20103
175,15837
175,11760
175,19296
175,19361
175,15879
175,19342
175,15847
175,15777
175,19020
175,19318
175,15836
175,15833
175,19364
175,20101
175,19357
175,19368
175,15829
175,15819
175,19316
175,61886
175,28280
175,11771
175,15838
175,61215
175,61888
175,20100
175,19330
175,0419T
175,15825
175,15826
175,20102
175,19370
175,11762
175,15834
175,19367
175,15832
175,19380
175,26596
175,30124
175,26560
175,19371
175,15824
175,61885
176,48551
176,33935
176,48552
176,32855
176,0494T
176,0495T
176,32856
176,44721
176,47135
176,48554
176,44720
176,32851
176,47140
176,65781
176,33945
176,47145
176,33944
176,47141
176,44135
176,44136
176,47143
176,47147
176,33930
176,32852
176,33933
176,0496T
176,65780
176,47144
176,47146
176,44715
176,65782
176,32854
176,32853
176,47142
176,48160
177,70450
177,70460
177,70480
177,70486
177,70488
177,70481
177,70487
177,70470
177,70496
177,70482
178,75571
178,75572
178,71250
178,71260
178,71275
178,75573
178,71270
179,72193
179,72194
179,74160
179,74174
179,74176
179,72192
179,74262
179,74261
179,74170
179,74263
179,72191
179,74150
179,74177
179,74175
179,74178
180,76380
180,72129
180,77012
180,0353T
180,0352T
180,70490
180,72126
180,72130
180,77011
180,70492
180,72131
180,77078
180,73702
180,0504T
180,0501T
180,73200
180,73201
180,73700
180,72132
180,76497
180,72127
180,72128
180,70491
180,0351T
180,73706
180,0354T
180,73206
180,0503T
180,0042T
180,73701
180,77014
180,0502T
180,72125
180,73202
180,72133
180,77013
181,62284
181,62305
181,62304
181,62303
181,72240
181,62302
181,72265
181,72270
181,70010
181,72255
182,77061
182,77062
182,77067
182,77066
182,77053
182,77054
182,77063
182,77065
183,0174T
183,71046
183,0175T
183,71045
183,71048
183,71047
184,74300
184,74301
185,74246
185,74340
185,74220
185,74230
185,74250
185,74240
186,74280
186,74270
186,74283
186,74251
187,74410
187,74400
189,75605
189,75635
189,75625
189,75630
189,75600
190,75822
190,75820
191,75898
191,75887
191,75731
191,75774
191,75958
191,75825
191,75705
191,75860
191,75959
191,75726
191,75894
191,75743
191,75831
191,70498
191,75733
191,75741
191,75840
191,75716
191,75880
191,75889
191,75891
191,75736
191,75810
191,75833
191,75746
191,75710
191,75827
191,75957
191,75956
191,75842
191,75885
191,75870
191,75872
192,93882
192,93888
192,93880
192,93892
192,93893
192,76536
192,76506
192,76514
192,76512
192,76516
192,93890
192,76519
192,93895
192,76510
192,76511
192,93886
192,76513
192,76529
193,93304
193,93662
193,93325
193,93314
193,93303
193,93316
193,93317
193,93320
193,93315
193,76932
193,76826
193,0439T
193,93352
193,76827
193,93313
193,92978
193,93308
193,92979
193,76828
193,93312
193,76825
193,93318
193,93321
193,93306
193,93350
193,93355
193,93307
193,93351
194,76975
195,76776
196,93975
196,76700
196,76770
196,76706
196,76775
196,93976
196,76705
197,76937
197,93971
197,93926
197,76857
197,76941
197,76604
197,93981
197,76982
197,93931
197,76831
197,76870
197,76983
197,97610
197,76882
197,93930
197,76815
197,76811
197,76885
197,76942
197,76812
197,76978
197,76642
197,31654
197,93990
197,76800
197,93978
197,93925
197,76810
197,76977
197,76945
197,76998
197,93980
197,76801
197,76881
197,76936
197,76814
197,76820
197,76979
197,76948
197,76821
197,76872
197,76999
197,76873
197,76886
197,76946
197,76817
197,76818
197,76802
197,76816
197,76819
197,93970
197,93979
197,76981
197,0508T
197,76856
197,37252
197,37253
197,76641
197,76813
197,76830
197,76805
197,76940
198,72156
198,70549
198,70557
198,74182
198,75565
198,71552
198,73218
198,73722
198,70551
198,70553
198,77084
198,72142
198,73220
198,72196
198,71550
198,70544
198,70552
198,77046
198,77047
198,72197
198,74181
198,72195
198,70546
198,70540
198,72159
198,74183
198,75563
198,73221
198,76391
198,72148
198,76498
198,70336
198,73725
198,72157
198,77049
198,70559
198,72147
198,72141
198,70555
198,72158
198,73225
198,71551
198,73721
198,70542
198,70558
198,74185
198,70554
198,70548
198,75557
198,73720
198,72198
198,72149
198,75559
198,73719
198,73222
198,77048
198,73723
198,72146
198,73219
198,70545
198,74712
198,77021
198,73223
198,73718
198,74713
198,75561
198,71555
198,77022
198,70547
198,70543
199,95816
199,95829
199,95958
199,95954
199,95961
199,95957
199,95962
199,95812
199,95830
199,95955
199,95819
199,95822
199,95824
199,95813
200,51797
200,50684
200,51605
200,51785
200,50396
200,51798
200,51600
200,50690
200,51736
200,51728
200,51729
200,51741
200,51792
200,51727
200,51784
200,51726
200,81025
200,51725
200,82131
200,82042
200,81003
200,50686
200,81005
200,81050
200,81002
200,51610
200,81099
201,93016
201,93017
201,93015
201,93018
202,93042
202,93010
202,93000
202,93025
202,93005
202,93041
202,93040
203,93270
203,93278
203,93227
203,93292
203,93294
203,0529T
203,93293
203,0522T
203,93298
203,93225
203,0497T
203,93290
203,93226
203,93288
203,0498T
203,93228
203,93271
203,93295
203,93296
203,93268
203,93280
203,93291
203,93286
203,93745
203,93289
203,93724
203,0418T
203,0521T
203,93287
203,93282
203,93224
203,0528T
203,93284
203,93283
203,93660
203,93272
203,93297
203,93281
203,0417T
203,93285
203,93279
203,93229
204,93503
205,82803
205,82805
205,82810
205,82800
206,83885
206,87492
206,89261
206,87103
206,87503
206,87197
206,89290
206,87472
206,88263
206,87533
206,87660
206,88285
206,86825
206,87528
206,87527
206,87800
206,89264
206,87536
206,89330
206,88235
206,81001
206,0044U
206,87176
206,87273
206,87332
206,81020
206,87624
206,89280
206,87169
206,87481
206,83015
206,87147
206,87252
206,87164
206,87562
206,87280
206,87350
206,87390
206,87150
206,87530
206,88249
206,87521
206,87118
206,0008U
206,88262
206,87230
206,86817
206,87476
206,87143
206,87190
206,87076
206,87510
206,87339
206,87580
206,89253
206,87491
206,87640
206,96902
206,87081
206,87299
206,87300
206,89281
206,87487
206,87880
206,87480
206,87582
206,87806
206,87906
206,87900
206,87505
206,87116
206,87265
206,87903
206,87166
206,87276
206,87625
206,87283
206,87653
206,81015
206,82127
206,87391
206,87581
206,88289
206,87389
206,87279
206,87271
206,87534
206,87561
206,88248
206,87633
206,87560
206,87808
206,87539
206,87912
206,88264
206,87110
206,87281
206,89255
206,89321
206,87267
206,87272
206,89260
206,87507
206,87187
206,87186
206,87541
206,87496
206,87254
206,87324
206,87490
206,89331
206,87274
206,87101
206,89320
206,87149
206,87809
206,86816
206,89310
206,87107
206,87140
206,87482
206,87537
206,87651
206,87253
206,0500T
206,87275
206,87798
206,88291
206,87400
206,89125
206,89160
206,87797
206,89250
206,87542
206,87449
206,87652
206,87071
206,87517
206,87512
206,87999
206,0042U
206,0043U
206,87269
206,88269
206,87172
206,87661
206,87810
206,87106
206,87526
206,89322
206,87910
206,87500
206,87109
206,0041U
206,87328
206,87552
206,87623
206,87803
206,87320
206,87450
206,87501
206,87425
206,87102
206,82045
206,87168
206,87497
206,87538
206,87540
206,87188
206,87210
206,82175
206,87535
206,82120
206,87471
206,87340
206,87801
206,87220
206,87451
206,87290
206,87427
206,81007
206,87529
206,87850
206,86812
206,87502
206,89325
206,87495
206,88237
206,89251
206,87207
206,87181
206,87327
206,87902
206,87551
206,86821
206,87420
206,87807
206,82128
206,87520
206,87301
206,87525
206,87040
206,88283
206,87338
206,87485
206,88299
206,87799
206,87088
206,87516
206,87632
206,87899
206,87046
206,87802
206,87285
206,87260
206,87475
206,88233
206,87486
206,87184
206,87506
206,87590
206,87337
206,87650
206,87015
206,87905
206,87305
206,87329
206,87153
206,87278
206,87532
206,87341
206,87385
206,88267
206,87591
206,87255
206,87077
206,87045
206,87152
206,81000
206,88230
206,87498
206,87904
206,87075
206,87901
206,87430
206,87073
206,83018
206,88280
206,87177
206,89272
206,87557
206,87084
206,87380
206,87522
206,87556
206,87158
206,87550
206,87631
206,87641
206,89190
206,87205
206,88261
206,89329
206,87804
206,87070
206,87336
206,87270
206,87483
206,87335
206,87592
206,87511
206,88245
206,86826
206,87086
206,89254
206,89268
206,87555
206,89291
206,85097
206,87185
206,88239
206,89300
206,89060
206,82044
206,87206
206,82043
206,87531
206,86813
206,89257
206,87250
207,78300
207,78315
207,78350
207,78305
207,78351
207,78399
207,78306
207,78102
207,78103
207,78104
208,78597
208,78598
208,78579
208,78580
208,78599
208,78582
209,78469
209,78453
209,78195
209,78700
209,78814
209,78802
209,78015
209,78012
209,70015
209,78761
209,78816
209,78414
209,78227
209,78709
209,78481
209,78650
209,78610
209,78071
209,78282
209,78265
209,72285
209,72295
209,78018
209,78070
209,78699
209,78291
209,78813
209,78708
209,78601
209,78799
209,78606
209,78483
209,78202
209,78099
209,78452
209,78451
209,78072
209,0332T
209,78075
209,78701
209,78232
209,78014
209,78428
209,78016
209,78660
209,78267
209,78473
209,78808
209,78630
209,78740
209,78262
209,78812
209,78815
209,78645
209,78258
209,78608
209,78492
209,78725
209,78013
209,78264
209,78268
209,78707
209,78494
209,78609
209,78496
209,78811
209,78226
209,78803
209,78020
209,0331T
209,78800
209,78730
209,78216
209,78804
209,78801
209,78468
209,78454
209,78635
209,78472
209,78999
209,78266
210,78466
210,78459
210,78185
210,78499
210,78130
210,78140
210,78456
210,78445
210,78299
210,78261
210,78121
210,78199
210,78605
210,78201
210,78231
210,78111
210,78215
210,78110
210,78122
210,78120
210,78457
210,78230
210,78491
210,78191
210,78458
210,78278
210,78600
210,78290
211,77316
211,77307
211,77763
211,77373
211,77336
211,77778
211,77605
211,77321
211,76965
211,77371
211,77401
211,77789
211,77386
211,79101
211,77262
211,77767
211,77295
211,74235
211,77423
211,77610
211,77318
211,77402
211,77372
211,77790
211,77290
211,0394T
211,77306
211,77424
211,77761
211,77770
211,77600
211,77412
211,77387
211,41019
211,77768
211,77469
211,79300
211,79200
211,77771
211,77432
211,77620
211,77427
211,77261
211,77333
211,79403
211,77615
211,77499
211,77762
211,77520
211,0395T
211,77285
211,77523
211,77331
211,55874
211,77293
211,77425
211,77435
211,77263
211,77299
211,77338
211,77470
211,77750
211,77317
211,77522
211,77332
211,77300
211,77280
211,77431
211,77301
211,77525
211,77772
211,77385
211,77334
211,77370
211,77799
211,77399
211,77417
211,77407
212,92522
212,97170
212,97169
212,92597
212,97162
212,92618
212,97161
212,92605
212,96110
212,95851
212,92521
212,97172
212,97166
212,92523
212,92606
212,97168
212,97167
212,97171
212,97165
212,92607
212,95852
212,97163
212,97164
212,97750
212,96105
212,92608
213,97028
213,97113
213,97810
213,97024
213,97813
213,97034
213,97018
213,97116
213,97546
213,97035
213,97545
213,97530
213,97010
213,97026
213,97032
213,97140
213,92507
213,97112
213,92609
213,97814
213,97022
213,97033
213,97016
213,97124
213,97811
213,97014
213,92508
213,97110
213,90901
213,97150
214,97605
214,29010
214,97012
214,20661
214,29058
214,29130
214,29365
214,20663
214,29345
214,29450
214,29584
214,29065
214,29750
214,29358
214,97597
214,29305
214,29015
214,29126
214,29405
214,29035
214,29044
214,29086
214,20662
214,29000
214,29740
214,20660
214,29046
214,29425
214,97598
214,29435
214,29550
214,29515
214,29530
214,29581
214,29040
214,29131
214,29799
214,20665
214,29445
214,29580
214,20650
214,29200
214,29125
214,29355
214,29280
214,29520
214,97602
214,29055
214,97608
214,29730
214,29105
214,15852
214,29085
214,97607
214,29505
214,20664
214,29325
214,29540
214,97606
214,16000
214,29075
214,29720
214,29260
214,29440
214,29240
214,29049
214,97036
215,98925
215,97139
215,93798
215,97533
215,97537
215,93668
215,97755
215,97799
215,93797
215,97542
215,97763
215,98929
215,98928
215,98926
215,97039
215,97761
215,98927
215,97760
216,94004
216,94002
216,94660
216,31500
216,94662
216,94003
217,94644
217,94645
217,94642
217,94669
217,94667
217,94668
217,94640
218,90840
218,90863
218,96125
218,96121
218,96133
218,97158
218,90869
218,99492
218,97153
218,90876
218,90867
218,90853
218,96137
218,90845
218,96127
218,90839
218,96138
218,97156
218,99354
218,0362T
218,90882
218,90885
218,96116
218,96139
218,90865
218,90875
218,96161
218,99484
218,96160
218,90847
218,90868
218,90832
218,90836
218,90889
218,90785
218,90792
218,90846
218,90849
218,90880
218,99493
218,97152
218,0373T
218,99355
218,99494
218,97154
218,96146
218,90837
218,90887
218,97155
218,90899
218,97151
218,97157
218,90870
218,90833
218,96132
218,96136
218,90791
218,90834
218,96130
218,90838
218,96131
219,99409
219,99408
220,92620
220,92547
220,92014
220,92548
220,0472T
220,92582
220,92283
220,92625
220,92311
220,0464T
220,92250
220,0506T
220,0507T
220,92136
220,92550
220,92284
220,99173
220,70030
220,92564
220,92015
220,92312
220,92577
220,92533
220,0469T
220,92285
220,92534
220,92557
220,0209T
220,92575
220,92562
220,92593
220,92018
220,0509T
220,92260
220,92570
220,92588
220,0212T
220,0198T
220,92314
220,92371
220,92561
220,92576
220,92370
220,92325
220,92242
220,0379T
220,0486T
220,0208T
220,92134
220,92235
220,92240
220,92020
220,92083
220,92230
220,92544
220,92571
220,0378T
220,92270
220,92596
220,92604
220,92542
220,92556
220,92565
220,92555
220,92601
220,92603
220,0211T
220,70371
220,92602
220,92595
220,92499
220,92071
220,92273
220,92353
220,99172
220,92563
220,92524
220,92553
220,92584
220,92590
220,92082
220,92004
220,0514T
220,92002
220,92538
220,92558
220,92591
220,92274
220,0210T
220,92025
220,99174
220,92019
220,0473T
220,92341
220,92621
220,92065
220,92546
220,92342
220,92132
220,92100
220,92228
220,92310
220,92287
220,92532
220,92227
220,92340
220,92060
220,92551
220,92572
220,92531
220,92358
220,92133
220,92541
220,92012
220,92286
220,92545
220,92317
220,92072
220,92567
220,92355
220,92537
220,92552
220,92559
220,92081
220,92540
220,92587
220,92592
220,92313
220,92354
220,0485T
220,92583
220,92315
220,92316
220,99177
220,92326
220,92579
220,92594
220,92568
220,92352
220,92265
220,92560
221,43757
221,43753
221,43755
221,43754
221,43752
221,43756
222,36430
222,36440
222,36455
222,36511
222,36513
222,36522
222,36512
222,36514
222,36516
222,36456
222,36450
224,96542
224,96405
224,96420
224,96549
224,96416
224,51720
224,96450
224,96411
224,96413
224,96409
224,96446
224,96415
224,96406
224,96402
224,96401
224,61517
224,96440
224,96425
224,96422
224,96423
224,96417
225,92961
225,93653
225,93655
225,93657
225,93656
225,93650
225,93654
226,76376
226,50430
226,71101
226,70320
226,73580
226,77071
226,73620
226,73551
226,74019
226,70220
226,25246
226,71120
226,76390
226,73501
226,72050
226,76102
226,73090
226,71130
226,70134
226,72170
226,73115
226,38200
226,21116
226,42550
226,71110
226,72040
226,72190
226,0350T
226,75803
226,74455
226,50431
226,74360
226,75970
226,74363
226,76010
226,72070
226,70370
226,77003
226,54230
226,55300
226,73522
226,76080
226,70300
226,27093
226,74445
226,74190
226,0054T
226,0422T
226,73050
226,72202
226,72052
226,73040
226,73525
226,76140
226,77081
226,70332
226,72100
226,73092
226,73503
226,73610
226,70110
226,23350
226,70350
226,76098
226,73000
226,70328
226,70190
226,27648
226,70310
226,74210
226,73592
226,68850
226,75801
226,77086
226,73060
226,74710
226,77072
226,27096
226,71100
226,74425
226,73590
226,70130
226,77074
226,70140
226,70100
226,0349T
226,77073
226,47531
226,77076
226,49465
226,72084
226,94772
226,77077
226,73030
226,73615
226,73560
226,72114
226,72200
226,70210
226,70240
226,72072
226,72080
226,73564
226,74440
226,76496
226,73650
226,74470
226,27369
226,75807
226,73085
226,24220
226,74021
226,74742
226,77001
226,73502
226,74775
226,77080
226,72020
226,74290
226,72074
226,74022
226,0055T
226,70355
226,73565
226,70160
226,77085
226,73562
226,76000
226,75984
226,76499
226,0348T
226,70380
226,77002
226,73140
226,72220
226,73120
226,75893
226,74740
226,73523
226,0347T
226,73600
226,76125
226,70120
226,71111
226,73020
226,72110
226,73130
226,76377
226,70360
226,72120
226,74485
226,76100
226,72081
226,70390
226,70250
226,73521
226,75901
226,62290
226,72083
226,74430
226,73100
226,74450
226,74018
226,73110
226,70170
226,27095
226,73660
226,72275
226,75809
226,75989
226,73630
226,76120
226,70260
226,47532
226,70330
226,74415
226,75805
226,36598
226,74355
226,38792
226,70200
226,77075
226,76101
226,73080
226,62291
226,72082
226,38790
226,74420
226,70150
226,75902
226,73010
226,73070
226,73552
227,99384
227,99357
227,99450
227,99205
227,99235
227,99233
227,99283
227,99499
227,99461
227,99407
227,99242
227,99480
227,99232
227,99412
227,99498
227,99050
227,99478
227,99220
227,99472
227,99060
227,99392
227,99027
227,99383
227,99254
227,99467
227,99291
227,99402
227,99056
227,99251
227,99234
227,99366
227,99026
227,99212
227,99255
227,99397
227,99225
227,99385
227,99051
227,99170
227,99416
227,99221
227,99284
227,99223
227,99222
227,99202
227,99239
227,99091
227,99078
227,99203
227,99491
227,99368
227,99058
227,99497
227,99401
227,90993
227,99236
227,99415
227,99475
227,99053
227,99382
227,99292
227,94780
227,99367
227,99462
227,99487
227,99490
227,99253
227,99395
227,99356
227,99485
227,99393
227,99288
227,99489
227,99387
227,99460
227,99466
227,99456
227,90989
227,0358T
227,99386
227,99396
227,99479
227,99463
227,99381
227,99403
227,99231
227,99477
227,99213
227,99404
227,99226
227,99464
227,99217
227,99358
227,93793
227,99391
227,99224
227,99214
227,99468
227,99238
227,99241
227,99360
227,99476
227,0403T
227,94781
227,99465
227,99469
227,99204
227,99243
227,99394
227,99455
227,99024
227,99359
227,99244
227,99471
227,99252
227,99429
227,96040
227,99285
227,99219
227,99281
227,99282
227,99406
227,99215
227,99411
227,99218
227,99211
227,99245
227,99486
228,95165
228,90378
228,90675
228,95144
228,90633
228,95120
228,90385
228,90656
228,90620
228,90698
228,90586
228,90686
228,90650
228,90281
228,90473
228,90283
228,90697
228,95125
228,90736
228,90621
228,90396
228,90655
228,90716
228,95149
228,90460
228,90744
228,90676
228,90750
228,90717
228,90674
228,90734
228,90625
228,90296
228,90384
228,90474
228,90746
228,95148
228,90756
228,90291
228,90662
228,90661
228,90653
228,90748
228,90667
228,90649
228,90749
228,90690
228,90707
228,90647
228,90739
228,90587
228,90664
228,90681
228,90585
228,90682
228,90371
228,90472
228,90680
228,90461
228,90668
228,95133
228,95147
228,90658
228,90471
228,90660
228,90687
228,90691
228,90654
228,90696
228,90732
228,90393
228,90389
228,90670
228,90477
228,95130
228,90672
228,95132
228,90376
228,95115
228,90702
228,90733
228,90581
228,90743
228,95117
228,90747
228,90476
228,90287
228,90386
228,90632
228,90689
228,90700
228,90648
228,90666
228,95145
228,90723
228,90288
228,90651
228,90715
228,95131
228,90740
228,90399
228,90688
228,90657
228,95134
228,90714
228,90713
228,90644
228,90738
228,90634
228,90375
228,90630
228,90284
228,90673
228,90685
228,95146
228,90710
228,90636
229,65222
229,44390
229,45332
229,46608
229,42809
229,30300
229,44363
229,58562
229,65260
229,45307
229,57415
229,30320
229,65235
229,69200
229,40805
229,31635
229,45379
229,40804
229,65205
229,43215
229,31577
229,65220
229,43194
229,31511
231,90969
231,0217T
231,96368
231,96374
231,90958
231,96371
231,0218T
231,0342T
231,96375
231,0215T
231,90957
231,90954
231,36299
231,99183
231,0213T
231,0216T
231,95199
231,96373
231,90968
231,0214T
231,96365
231,15851
231,0232T
231,96361
231,96369
231,69990
231,90956
231,96379
231,96376
231,90961
231,90967
231,90952
231,90959
231,90962
231,96366
231,99184
231,96367
231,96360
231,90955
231,90960
231,90970
231,90951
231,90953
231,95180
231,96372
231,96370
231,15850
231,20526
232,00851
232,01522
232,00190
232,00632
232,01160
232,01230
232,01480
232,01730
232,00450
232,00750
232,01920
232,00352
232,00580
232,01340
232,01860
232,01654
232,00524
232,00548
232,00702
232,00802
232,01716
232,99151
232,00908
232,01170
232,01758
232,01274
232,01392
232,00700
232,00910
232,00882
232,99156
232,01782
232,00620
232,00846
232,00936
232,00630
232,01996
232,01850
232,01710
232,00906
232,00192
232,00800
232,01432
232,01630
232,00752
232,00860
232,00862
232,01472
232,00924
232,01638
232,00940
232,01810
232,01380
232,00350
232,01402
232,00174
232,00126
232,00474
232,01470
232,01484
232,00530
232,01404
232,00868
232,01272
232,00218
232,01490
232,01120
232,01464
232,01320
232,00170
232,01502
232,00500
232,01270
232,01500
232,01840
232,01770
232,00404
232,01420
232,01820
232,01714
232,00532
232,00176
232,00770
232,01444
232,01634
232,01210
232,99155
232,00926
232,00546
232,01760
232,99153
232,00848
232,00534
232,99157
232,00635
232,00604
232,01173
232,01390
232,01482
232,01382
232,00928
232,00944
232,00600
232,01202
232,01680
232,01620
232,01442
232,00454
232,01740
232,01832
232,01958
232,00320
232,01922
232,99135
232,00124
232,01830
232,99116
232,00870
232,00550
232,01486
232,00840
232,00938
232,00948
232,00834
232,01430
232,01756
232,00844
232,00792
232,00830
232,01656
232,00670
232,00322
232,01250
232,00164
232,01742
232,00756
232,00794
232,00410
232,01670
232,01232
232,00326
232,00880
232,01636
232,00916
232,01844
232,00520
232,01744
232,00120
232,00842
232,00914
232,00160
232,01712
232,01772
232,01916
232,00402
232,00930
232,01260
232,00754
232,99152
232,00836
232,00222
232,01140
232,00300
232,01650
232,00790
232,00918
232,01610
232,00472
232,01462
232,01520
232,00470
232,00140
232,01234
232,01780
232,01474
232,00932
232,01829
232,01200
232,00640
232,00832
232,01732
232,01112
232,01220
232,01440
232,00142
232,00537
232,99100
232,01999
232,01150
232,01842
232,01852
232,00220
232,00172
232,00950
232,00942
232,00902
232,00952
232,00904
232,00539
232,00934
232,00912
232,01212
232,00162
232,01622
232,01360
232,00100
232,00820
232,00406
232,01652
232,00400
232,99140
232,01400
232,01130
232,00522
233,83630
233,0061U
233,82710
233,82930
233,83010
233,82465
233,85247
233,82160
233,84392
233,82107
233,85652
233,83662
233,83861
233,84578
233,83519
233,84590
233,85611
233,83060
233,83664
233,85576
233,83065
233,82668
233,82677
233,82950
233,84133
233,84235
233,85032
233,84132
233,84479
233,85415
233,83570
233,82746
233,85730
233,84156
233,84134
233,84155
233,84585
233,84135
233,82672
233,83835
233,83872
233,85337
233,82163
233,82553
233,0052U
233,82945
233,82963
233,85675
233,82150
233,94760
233,82941
233,84078
233,88741
233,83605
233,84106
233,82747
233,85441
233,85245
233,84202
233,82775
233,83528
233,85335
233,83916
233,84512
233,83593
233,84085
233,84260
233,82355
233,84075
233,83632
233,85260
233,84060
233,85220
233,85613
233,84520
233,83700
233,82380
233,84233
233,84120
233,84146
233,82017
233,82979
233,85651
233,82528
233,83002
233,82679
233,84588
233,85046
233,82542
233,85302
233,82435
233,88738
233,84999
233,84081
233,84378
233,84080
233,83497
233,0423T
233,82010
233,85307
233,83655
233,84305
233,85049
233,84035
233,84100
233,82820
233,84138
233,85555
233,83013
233,84600
233,85048
233,85018
233,82696
233,80050
233,82585
233,85557
233,82554
233,84583
233,84238
233,82180
233,82436
233,85044
233,82607
233,82776
233,84442
233,80069
233,83527
233,82382
233,82523
233,84244
233,83003
233,82154
233,82248
233,82387
233,84620
233,83525
233,82787
233,82715
233,82784
233,0038U
233,85660
233,84087
233,84207
233,83498
233,85598
233,84597
233,82024
233,82657
233,83950
233,84181
233,84466
233,84430
233,83921
233,85290
233,82378
233,85396
233,84478
233,82136
233,85291
233,84144
233,85008
233,84163
233,82441
233,80055
233,82143
233,82728
233,84402
233,83785
233,84586
233,82261
233,83670
233,85301
233,85002
233,80081
233,85007
233,82009
233,83069
233,85244
233,84252
233,83951
233,85547
233,85250
233,94681
233,83661
233,83986
233,84182
233,85420
233,83987
233,84450
233,84460
233,82139
233,85549
233,84439
233,84480
233,85345
233,85306
233,83090
233,83080
233,94664
233,84482
233,83935
233,83625
233,83030
233,82595
233,84446
233,84580
233,83051
233,82105
233,85348
233,85366
233,82274
233,83719
233,83088
233,85520
233,83045
233,85379
233,84425
233,83915
233,82642
233,82533
233,82104
233,84228
233,85009
233,83993
233,82135
233,82365
233,85060
233,83735
233,82485
233,83009
233,84110
233,84376
233,83970
233,85280
233,80048
233,84145
233,84307
233,94690
233,82310
233,83516
233,82507
233,83698
233,83992
233,82438
233,83937
233,84315
233,82943
233,82570
233,83695
233,83721
233,84206
233,82286
233,82331
233,84488
233,84379
233,84577
233,84234
233,82530
233,85292
233,84300
233,83012
233,82731
233,83033
233,84702
233,83945
233,82760
233,84152
233,82705
233,82960
233,84203
233,85400
233,84166
233,82962
233,84410
233,82615
233,83050
233,85230
233,83500
233,85732
233,84377
233,84525
233,84270
233,85635
233,82633
233,84560
233,85385
233,85390
233,85305
233,82106
233,83615
233,85210
233,82947
233,82239
233,83020
233,84545
233,83883
233,82725
233,84275
233,82670
233,84485
233,83690
233,82540
233,82340
233,82977
233,83026
233,83873
233,82777
233,82693
233,84295
233,83036
233,84431
233,82172
233,83857
233,85540
233,84432
233,85530
233,82985
233,82030
233,82978
233,88319
233,85013
233,82360
233,83704
233,85475
233,83550
233,82965
233,82390
233,85612
233,82495
233,84140
233,83919
233,83150
233,83663
233,83880
233,85004
233,82397
233,84154
233,83014
233,82938
233,85460
233,82252
233,82946
233,82013
233,82480
233,84481
233,83582
233,82608
233,84375
233,82726
233,83505
233,85270
233,83864
233,82376
233,83540
233,85293
233,85027
233,82664
233,82375
233,0002U
233,82306
233,82088
233,85999
233,84484
233,85705
233,94761
233,88740
233,84285
233,82671
233,85170
233,82757
233,84210
233,83775
233,84591
233,85610
233,82157
233,85380
233,82552
233,85410
233,84550
233,85378
233,85445
233,82247
233,83727
233,83874
233,85025
233,82951
233,84830
233,82948
233,82085
233,85421
233,82140
233,84220
233,82610
233,85347
233,84143
233,82785
233,84403
233,84510
233,94762
233,83037
233,84681
233,83930
233,85536
233,85670
233,82374
233,82190
233,82379
233,82370
233,82240
233,83718
233,82415
233,85045
233,85246
233,82627
233,82652
233,82952
233,82330
233,82270
233,83001
233,85014
233,82040
233,85525
233,83876
233,83825
233,84436
233,83518
233,85130
233,83701
233,83520
233,85303
233,82373
233,84126
233,84540
233,85370
233,85597
233,84105
233,94680
233,84150
233,82482
233,85810
233,85360
233,82308
233,82565
233,84119
233,80053
233,85175
233,82164
233,84112
233,83070
233,82626
233,83068
233,84160
233,85055
233,84704
233,84311
233,85384
233,83586
233,83722
233,84302
233,83491
233,82634
233,80047
233,82103
233,82383
233,84066
233,82016
233,84255
233,85300
233,84165
233,82600
233,84030
233,82638
233,85362
233,84443
233,85041
233,82550
233,83021
233,80051
233,82735
233,84630
233,84437
233,82300
233,82525
233,84703
233,84490
233,83631
233,82108
233,83789
233,85240
233,85397
233,82658
233,82759
233,82384
233,83006
233,84157
233,84445
233,83633
233,84153
233,82575
233,84449
233,83918
233,82955
233,85461
233,82075
234,81362
234,81204
234,88342
234,81224
234,81330
234,88016
234,81219
234,81381
234,81535
234,0014U
234,88025
234,88148
234,81178
234,81342
234,81328
234,88362
234,81346
234,0016U
234,88172
234,88333
234,81470
234,88177
234,81267
234,81241
234,81176
234,81258
234,81312
234,81327
234,88365
234,0022U
234,81205
234,81105
234,81271
234,81319
234,81310
234,81203
234,81448
234,0019U
234,86078
234,81291
234,81163
234,88334
234,88143
234,81206
234,0050U
234,81512
234,86079
234,81507
234,88375
234,81223
234,81207
234,81161
234,81185
234,81284
234,81382
234,81400
234,81111
234,81311
234,88153
234,0540T
234,88309
234,81333
234,88388
234,88029
234,81540
234,81471
234,81336
234,81107
234,81378
234,81455
234,88360
234,0010U
234,81164
234,81443
234,81509
234,88185
234,81503
234,80500
234,81304
234,81229
234,81202
234,88175
234,81404
234,81442
234,81221
234,88332
234,81228
234,81435
234,81274
234,81299
234,0537T
234,81425
234,81413
234,88399
234,88040
234,0060U
234,81181
234,81520
234,88028
234,81218
234,81232
234,81377
234,81322
234,88012
234,81173
234,81298
234,88371
234,81234
234,81216
234,81518
234,88304
234,88005
234,81402
234,81245
234,81405
234,0026U
234,0001U
234,81109
234,81539
234,81238
234,88112
234,81373
234,81300
234,81189
234,0013M
234,81595
234,88377
234,81171
234,88125
234,88346
234,0032U
234,81269
234,81255
234,0027U
234,0009U
234,81375
234,81243
234,81227
234,88311
234,81265
234,81316
234,88045
234,81165
234,81166
234,81188
234,88142
234,88036
234,81536
234,81210
234,81363
234,0012U
234,81217
234,81290
234,88366
234,81260
234,88165
234,88188
234,0004M
234,81305
234,81286
234,88164
234,81187
234,88380
234,81335
234,81340
234,81325
234,0029U
234,81528
234,81538
234,81270
234,81426
234,81406
234,81318
234,81372
234,88307
234,81263
234,81379
234,88174
234,88302
234,81268
234,88187
234,81313
234,81370
234,81420
234,81433
234,0006M
234,88313
234,88363
234,88348
234,81324
234,81493
234,88121
234,88199
234,88344
234,81345
234,81511
234,81242
234,88099
234,81334
234,81287
234,88106
234,81266
234,81283
234,88162
234,81288
234,88020
234,81321
234,81525
234,0023U
234,88329
234,81247
234,81599
234,0021U
234,81180
234,81521
234,81434
234,81490
234,81222
234,0034U
234,0003U
234,81174
234,88130
234,81403
234,81292
234,88000
234,81209
234,81201
234,81230
234,81248
234,81190
234,81323
234,81326
234,88150
234,81437
234,81314
234,81371
234,81295
234,81236
234,81380
234,88147
234,81167
234,81200
234,81445
234,88108
234,81302
234,89240
234,81361
234,0037U
234,81186
234,88381
234,81250
234,81343
234,88166
234,81237
234,81596
234,88104
234,0012M
234,81184
234,81182
234,88323
234,81253
234,81289
234,81212
234,81317
234,88373
234,0013U
234,81438
234,88161
234,81331
234,0002M
234,81401
234,88361
234,81430
234,81364
234,81261
234,81355
234,81112
234,81231
234,0035U
234,0048U
234,81259
234,88312
234,88314
234,81252
234,81303
234,81297
234,0030U
234,81239
234,88152
234,81315
234,81254
234,81246
234,0003M
234,0036U
234,81179
234,81162
234,81412
234,81410
234,88140
234,81320
234,88372
234,81383
234,81296
234,88374
234,81249
234,81500
234,88184
234,0028U
234,80502
234,81504
234,0017U
234,88387
234,0056U
234,81208
234,81376
234,88341
234,81293
234,81350
234,0053U
234,88331
234,0049U
234,81177
234,81551
234,88120
234,81235
234,81121
234,81272
234,81415
234,88350
234,81306
234,88167
234,81479
234,88007
234,81215
234,81226
234,81301
234,88141
234,81414
234,81251
234,88160
234,81465
234,81275
234,88155
234,81108
234,81329
234,0005U
234,81416
234,88014
234,81240
234,81170
234,88321
234,0018U
234,88364
234,81294
234,88358
234,81440
234,81439
234,88173
234,81233
234,81110
234,0046U
234,81244
234,81262
234,81257
234,88189
234,81374
234,81106
234,81225
234,86077
234,88037
234,81264
234,88367
234,81220
234,81344
234,0009M
234,81427
234,0031U
234,0045U
234,81411
234,88369
234,81172
234,88368
234,81417
234,81332
234,81422
234,81506
234,81183
234,81285
234,81120
234,0011M
234,81436
234,81337
234,0047U
234,0057U
234,88027
234,88182
234,88300
234,81431
234,81276
234,81460
234,0040U
234,81519
234,88305
234,88355
234,81408
234,81273
234,81407
234,0033U
234,81450
234,81508
234,0007M
234,81541
234,81432
234,81175
234,81341
234,81510
234,81256
234,88356
234,88325
235,80415
235,80364
235,86803
235,86911
235,80345
235,86765
235,80197
235,80439
235,80323
235,86702
235,86628
235,86200
235,88273
235,80357
235,86717
235,93702
235,86171
235,80305
235,86343
235,88240
235,86832
235,86833
235,86617
235,80377
235,86780
235,88274
235,80338
235,80353
235,80359
235,86976
235,86708
235,86723
235,86808
235,86901
235,86807
235,86727
235,86720
235,88720
235,86615
235,86804
235,89259
235,86384
235,86602
235,86890
235,86622
235,86638
235,86490
235,80184
235,36406
235,80326
235,86157
235,86592
235,87209
235,86486
235,86922
235,80164
235,86710
235,86923
235,86141
235,86060
235,86692
235,80076
235,86327
235,86341
235,86668
235,80190
235,86705
235,86609
235,86336
235,86674
235,80417
235,86038
235,86619
235,80165
235,86747
235,80363
235,86738
235,80341
235,86784
235,86768
235,80428
235,80324
235,86849
235,86834
235,80158
235,86788
235,36405
235,80436
235,86778
235,80344
235,80438
235,80426
235,86140
235,86352
235,80330
235,80374
235,36410
235,86927
235,80420
235,87634
235,86975
235,86359
235,86331
235,86744
235,86148
235,86063
235,89353
235,86704
235,80169
235,89258
235,80369
235,80366
235,86382
235,89049
235,86645
235,80370
235,80376
235,86603
235,80355
235,80061
235,80365
235,80180
235,89344
235,86480
235,86155
235,86985
235,86756
235,80356
235,80414
235,86023
235,86147
235,86696
235,86294
235,86651
235,80175
235,86310
235,86357
235,86762
235,86900
235,80346
235,86329
235,80368
235,86403
235,86870
235,86309
235,80183
235,80159
235,86905
235,86940
235,80343
235,86694
235,80329
235,0058U
235,86485
235,86001
235,86701
235,86885
235,86945
235,86344
235,86430
235,80203
235,80334
235,80347
235,86481
235,80328
235,86774
235,80201
235,86039
235,86732
235,0054U
235,80375
235,80168
235,0539T
235,86880
235,80178
235,86902
235,86152
235,86695
235,89230
235,82271
235,86735
235,86665
235,86684
235,86787
235,86977
235,86931
235,86654
235,80322
235,86950
235,89335
235,86682
235,80360
235,86355
235,86386
235,86688
235,86406
235,86005
235,86334
235,80327
235,86930
235,80348
235,80177
235,86340
235,86360
235,80156
235,86757
235,86008
235,86891
235,86965
235,80430
235,86703
235,80325
235,86226
235,86635
235,86658
235,80171
235,80192
235,80342
235,86022
235,86215
235,80335
235,80367
235,86631
235,86255
235,86431
235,86793
235,80200
235,86830
235,86648
235,80358
235,86021
235,0020U
235,0055U
235,86771
235,88241
235,80194
235,86376
235,89050
235,80306
235,89352
235,86970
235,80157
235,86590
235,0538T
235,36415
235,0011U
235,80155
235,80333
235,86625
235,86941
235,86146
235,86580
235,86325
235,80373
235,86777
235,86904
235,89220
235,80435
235,80349
235,88275
235,86003
235,86225
235,86361
235,86510
235,86367
235,80354
235,86277
235,80150
235,80162
235,86687
235,88272
235,86972
235,89051
235,80074
235,86706
235,86316
235,86280
235,86153
235,86978
235,86653
235,86353
235,86305
235,80371
235,80400
235,86320
235,89354
235,80339
235,80406
235,80321
235,80198
235,0059U
235,86337
235,86829
235,86741
235,80416
235,86632
235,86335
235,86707
235,80173
235,86332
235,86794
235,86663
235,80422
235,86652
235,80402
235,86750
235,80418
235,86318
235,86671
235,0024U
235,80361
235,86666
235,80432
235,86611
235,80307
235,80332
235,86641
235,87662
235,36600
235,86256
235,80320
235,86932
235,80362
235,86999
235,80195
235,86618
235,82656
235,89343
235,80163
235,86162
235,86835
235,87003
235,86789
235,80185
235,86593
235,86644
235,80350
235,86850
235,88749
235,86906
235,86689
235,86805
235,86000
235,86356
235,86860
235,86664
235,0039U
235,80340
235,86301
235,86317
235,86960
235,80186
235,89055
235,86235
235,86711
235,80352
235,80331
235,86156
235,99195
235,80408
235,86759
235,80434
235,0051U
235,86753
235,86971
235,86831
235,80337
235,80424
235,80351
235,86806
235,86612
235,89346
235,87493
235,82232
235,86713
235,80188
235,80170
235,86677
235,86161
235,86920
235,86709
235,86886
235,86160
235,89342
235,86800
235,86921
235,89398
235,86308
235,80336
235,80372
235,89337
235,86304
235,36400
235,88271
235,80299
235,86300
235,80412
235,36416
235,82272
235,89356
235,86828
235,80199
235,0007U
235,86606
235,86910
235,86790
235,80202
235,80176
235,86698
235,80410
235,0025U
236,99343
236,99377
236,99309
236,99327
236,99345
236,99501
236,99315
236,94775
236,99337
236,99328
236,99378
236,99511
236,99347
236,99334
236,99344
236,99507
236,90966
236,90963
236,99316
236,99483
236,99324
236,99506
236,93792
236,99308
236,99339
236,99502
236,99512
236,99304
236,99307
236,99600
236,99505
236,99601
236,99350
236,99500
236,99306
236,99380
236,99503
236,99379
236,99602
236,99348
236,99504
236,99336
236,99340
236,99374
236,99326
236,94774
236,90964
236,94777
236,99318
236,99375
236,99342
236,99509
236,97535
236,99325
236,99305
236,90965
236,99510
236,99310
236,99349
236,99335
236,94776
236,99341
236,94005
237,96523
237,96521
237,99607
237,99002
237,95170
237,99191
237,97804
237,98960
237,97802
237,99001
237,99199
237,79999
237,96522
237,99075
237,97803
237,98961
237,99000
237,99190
237,99192
237,99071
237,99606
237,98962
237,99605
237,99080
239,99082
240,0444T
240,0465T
240,0445T
240,96377
243,99070
244,0317T
244,43848
244,43845
244,43773
244,0313T
244,43887
244,43770
244,0316T
244,43886
244,43843
244,43644
244,43842
244,0312T
244,43847
244,43771
244,43846
244,43772
244,0314T
244,43645
244,43775
244,0315T
244,43774
244,43888
245,99457
245,99442
245,99496
245,93264
245,99454
245,99451
245,0488T
245,98966
245,99443
245,99453
245,99449
245,99447
245,99441
245,99452
245,98968
245,99448
245,99446
245,99495
245,98967
998,0001F
998,5050F
998,3390F
998,3754F
998,3763F
998,4261F
998,3011F
998,6040F
998,3300F
998,0545F
998,5200F
998,3455F
998,4073F
998,4177F
998,3035F
998,3323F
998,1050F
998,0528F
998,3095F
998,4556F
998,3374F
998,4560F
998,3384F
998,3761F
998,3319F
998,4004F
998,4012F
998,0535F
998,3370F
998,3753F
998,2021F
998,1005F
998,4526F
998,3015F
998,3388F
998,3321F
998,4500F
998,1090F
998,3025F
998,4256F
998,4056F
998,1100F
998,1007F
998,3475F
998,3756F
998,4301F
998,4064F
998,1490F
998,3260F
998,3551F
998,4142F
998,4014F
998,3072F
998,3494F
998,1010F
998,4043F
998,3132F
998,1066F
998,3573F
998,3758F
998,3520F
998,1055F
998,4045F
998,3130F
998,3322F
998,4135F
998,3056F
998,3269F
998,3215F
998,4041F
998,3280F
998,4191F
998,2035F
998,4175F
998,3340F
998,4178F
998,0012F
998,3328F
998,3759F
998,6020F
998,3316F
998,4040F
998,6070F
998,4551F
998,3386F
998,2040F
998,3200F
998,3650F
998,4266F
998,4400F
998,1015F
998,4201F
998,3119F
998,1505F
998,4553F
998,5015F
998,6005F
998,1491F
998,3060F
998,3027F
998,1130F
998,4558F
998,4133F
998,1157F
998,0505F
998,0557F
998,4221F
998,4066F
998,4276F
998,4010F
998,0580F
998,4200F
998,3776F
998,4148F
998,4134F
998,0518F
998,2027F
998,1040F
998,1400F
998,3115F
998,3085F
998,3279F
998,3331F
998,4240F
998,3345F
998,7020F
998,4053F
998,3017F
998,3079F
998,0583F
998,3170F
998,0529F
998,1065F
998,4179F
998,3267F
998,3476F
998,4000F
998,1052F
998,3511F
998,3089F
998,3265F
998,3376F
998,3750F
998,2060F
998,3090F
998,4035F
998,3342F
998,3088F
998,3498F
998,3091F
998,4052F
998,3037F
998,3048F
998,2044F
998,4086F
998,3018F
998,3218F
998,4350F
998,1175F
998,0014F
998,4070F
998,0503F
998,4260F
998,3372F
998,1461F
998,3073F
998,5005F
998,4480F
998,1460F
998,1134F
998,3301F
998,4164F
998,4554F
998,1150F
998,5062F
998,3220F
998,1003F
998,1493F
998,4190F
998,4195F
998,4069F
998,2016F
998,1008F
998,3075F
998,3775F
998,4274F
998,6045F
998,3083F
998,4328F
998,4060F
998,4182F
998,4067F
998,3510F
998,4120F
998,4192F
998,3210F
998,4242F
998,3266F
998,1004F
998,2014F
998,4018F
998,3378F
998,3760F
998,2015F
998,3318F
998,4048F
998,3093F
998,1136F
998,2019F
998,6101F
998,3278F
998,3492F
998,4181F
998,1038F
998,3077F
998,3493F
998,4300F
998,1501F
998,4230F
998,4163F
998,1137F
998,4450F
998,1504F
998,1101F
998,4145F
998,1018F
998,3352F
998,4042F
998,4159F
998,1033F
998,4044F
998,1111F
998,3021F
998,2022F
998,4025F
998,1071F
998,3315F
998,4030F
998,4245F
998,3142F
998,4130F
998,4144F
998,4151F
998,1125F
998,1180F
998,7010F
998,1121F
998,3725F
998,4563F
998,1000F
998,0555F
998,1500F
998,4037F
998,4047F
998,1124F
998,3550F
998,2031F
998,4005F
998,3343F
998,3273F
998,4008F
998,4017F
998,9002F
998,3512F
998,3503F
998,4079F
998,3382F
998,4058F
998,4550F
998,0519F
998,2029F
998,3008F
998,3755F
998,1151F
998,0525F
998,4255F
998,4562F
998,1060F
998,4186F
998,3320F
998,1002F
998,2050F
998,1205F
998,7025F
998,2028F
998,3020F
998,3751F
998,1182F
998,5060F
998,3023F
998,4324F
998,1011F
998,1220F
998,4265F
998,3080F
998,0526F
998,1110F
998,4110F
998,3291F
998,1019F
998,9004F
998,3117F
998,4011F
998,1160F
998,3341F
998,4171F
998,4062F
998,3353F
998,4248F
998,3514F
998,4033F
998,1200F
998,4172F
998,1126F
998,3452F
998,0507F
998,4084F
998,1118F
998,4270F
998,3284F
998,0551F
998,2002F
998,3496F
998,3112F
998,1091F
998,3762F
998,4322F
998,4470F
998,3572F
998,1502F
998,4280F
998,4306F
998,1032F
998,1183F
998,4158F
998,1451F
998,4136F
998,0509F
998,4540F
998,3500F
998,4185F
998,4188F
998,4271F
998,4063F
998,3517F
998,3272F
998,1061F
998,1159F
998,4268F
998,4049F
998,1503F
998,4555F
998,3006F
998,3281F
998,4330F
998,0501F
998,5010F
998,3317F
998,0502F
998,4100F
998,3044F
998,4075F
998,6080F
998,3096F
998,4140F
998,4167F
998,3270F
998,4193F
998,3700F
998,3038F
998,3288F
998,4065F
998,4168F
998,4054F
998,3495F
998,2004F
998,0516F
998,1181F
998,4290F
998,4325F
998,2000F
998,3050F
998,4150F
998,3394F
998,4189F
998,4157F
998,4279F
998,0575F
998,3118F
998,9005F
998,6015F
998,4169F
998,3062F
998,4320F
998,0015F
998,3515F
998,3490F
998,0550F
998,1494F
998,3074F
998,3285F
998,4051F
998,3274F
998,4557F
998,3055F
998,2018F
998,3497F
998,3082F
998,4090F
998,3150F
998,3752F
998,0584F
998,4124F
998,6102F
998,1030F
998,2020F
998,4340F
998,3491F
998,3040F
998,3019F
998,4250F
998,1152F
998,1039F
998,6030F
998,6150F
998,3014F
998,0582F
998,3111F
998,3022F
998,3110F
998,4016F
998,2010F
998,4055F
998,0521F
998,1450F
998,1158F
998,3084F
998,1123F
998,4095F
998,3100F
998,4165F
998,4013F
998,1034F
998,4001F
998,1128F
998,3216F
998,3757F
998,3354F
998,3555F
998,4046F
998,3330F
998,4196F
998,3049F
998,3344F
998,3502F
998,2026F
998,3552F
998,4561F
998,4552F
998,0581F
998,1022F
998,3290F
998,4115F
998,0540F
998,3078F
998,4131F
998,3120F
998,0513F
998,3066F
998,3324F
998,1135F
998,4019F
998,2024F
998,3395F
998,3250F
998,3325F
998,6090F
998,3092F
998,4155F
998,3720F
998,4003F
998,3155F
998,4541F
998,1006F
998,4149F
998,4269F
998,1170F
998,4510F
998,3230F
998,5020F
998,4187F
998,1035F
998,3570F
998,0556F
998,4132F
998,4267F
998,3046F
998,1012F
998,5100F
998,3513F
998,0514F
998,3471F
998,9001F
998,9003F
998,4220F
998,3472F
998,5250F
998,3042F
998,1031F
998,4180F
998,9006F
998,0520F
998,1026F
998,4015F
998,4194F
998,1127F
998,3380F
998,4210F
998,9007F
998,1070F
998,1116F
998,3160F
998,3061F
998,4050F
998,4559F
998,6110F
998,6100F
998,3016F
998,3126F
998,3268F
998,3292F
998,2030F
998,4293F
998,3271F
998,1119F
998,3141F
998,3451F
998,6010F
998,3450F
998,0500F
998,1036F
998,0005F
998,4305F
998,4176F
998,4481F
998,1153F
998,3470F
998,2001F
998,4174F
998,3351F
998,3028F
998,3294F
998,4077F
998,3293F
998,4326F
998,4153F
998,4525F
998,0517F
998,3140F
998,3350F
